"Product ID [Non Editable]","Variant ID [Non Editable]","Product Type [Non Editable]","Product Page","Product URL","Title","Description","SKU","Option Name 1","Option Value 1","Option Name 2","Option Value 2","Option Name 3","Option Value 3","Option Name 4","Option Value 4","Option Name 5","Option Value 5","Option Name 6","Option Value 6","Price","Sale Price","On Sale","Stock","Categories","Tags","Weight","Length","Width","Height","Visible","Hosted Image URLs"
"670fe0ce3ee9f70713754887","f94e11e4-011d-4e02-91f6-4f964f075c05","SERVICE","recipe-store","almond-joy-overnight-oats","Almond Joy Overnight Oats","<h2>Ingredients:</h2><ul data-rte-list=""true""><li><p>1/3 cup oats</p></li><li><p>1/4 cup unsweetened almond milk</p></li><li><p>1/3 cup coconut Greek yogurt</p></li><li><p>1 scoop chocolate protein powder</p></li><li><p>1/2 tbsp shredded coconut</p></li><li><p>1 tbsp dark chocolate chips</p></li><li><p>1/2 tsp cocoa powder</p></li><li><p>1/2 tbsp sliced almonds</p></li></ul><h2>Directions:</h2><ol data-rte-list=""true""><li><p>In a mason jar, add the almond milk and protein powder.</p></li><li><p>Tighten the lid and shake it so the protein powder combines with the milk.</p></li><li><p>Add other ingredients.</p></li><li><p>Close the lid and shake to combine.</p></li><li><p>Place your jar in the refrigerator for at least 2 hours or overnight.</p></li><li><p>Stir before eating and enjoy!</p></li></ol><h2><strong>Nutrition Data:</strong></h2><p>1 Serving: 114 g, Calories: 389, Fat: 11 g, Carbohydrates: 39 g, Fiber: 5 g, Protein: 35 g</p><h3>Cronometer Recipe Name:</h3><p>Fitomics Almond Joy Overnight Oats</p><h3><strong>Hashtags:</strong></h3><p>#breakfast #recipes #protein #easy #mealprep #snack #highprotein</p>","SQ6163961","","","","","","","","","","","","","0.00","0.00","No","Unlimited","/breakfast","recipe","","","","","Yes","https://images.squarespace-cdn.com/content/v1/636146ec2f426a7dc5268652/c41f4d85-bc13-492a-8a7f-1b6349231d79/Untitled%252B%2528Instagram%252BPost%252B%2528Square%2529%2529%252B%25282%2529.jpg"
"670fe49951592f74d1b4a050","775efebc-0056-47b8-8125-fcd497ae53b8","SERVICE","recipe-store","healthier-breakfast-burrito","Healthier Breakfast Burrito","<h3><strong>Ingredients:</strong></h3><ul data-rte-list=""true""><li><p>1 whole wheat tortilla</p></li><li><p>2 scrambled eggs</p></li><li><p>1/4 cup turkey sausage</p></li><li><p>1/4 cup shredded cheddar cheese</p></li><li><p>1/2 cup spinach</p></li></ul><h3><strong>Directions:</strong></h3><ol data-rte-list=""true""><li><p>Cook the eggs and sausage first in separate pans.</p></li><li><p>Add the spinach in the pan with the eggs.</p></li><li><p>Once those are cooked, heat the tortilla in the microwave for 5 seconds.</p></li><li><p>Then build the burrito using eggs with spinach first, then sausage, and adding cheese on top.</p></li><li><p>Fold tightly and enjoy!</p></li></ol><h4><strong>Nutrition Data:</strong></h4><p>1 burrito, 493 calories, 29 g carbs, 4 g fiber, 27 g fat, 35 g protein</p><p><strong>Cronometer Recipe Name:</strong><span>Fitomics Healthier Burrito</span></p><p><span>#breakfast #recipes #protein #eggs </span>#breakfast #recipes #protein #highprotein #easy #brunch #mealprep </p>","SQ2445561","","","","","","","","","","","","","0.00","0.00","No","Unlimited","/breakfast","recipe","","","","","Yes","https://images.squarespace-cdn.com/content/v1/636146ec2f426a7dc5268652/452db225-163e-47ad-b7e7-3dcb428ce2b4/Untitled%252Bdesign%252B%2525283%252529.jpg"
"671a6c3dfa68bb6871901443","b7d4ee4f-9bb2-4b02-a8d7-55f618dfb066","SERVICE","recipe-store","healthier-breakfast-sandwich","Healthier Breakfast Sandwich","<h3><strong>Ingredients:</strong></h3><ul data-rte-list=""true""><li><p>1 Multigrain English Muffin</p></li><li><p>3 tbsp egg whites, cooked</p></li><li><p>1 light Laughing Cow cheese wedge</p></li><li><p>1 Turkey Sausage patty</p></li></ul><h3><strong>Directions:</strong></h3><ol data-rte-list=""true""><li><p>For the egg whites, use a muffin pan and pour 3 tbsp in each tin.</p></li><li><p>Bake for 10 minutes at 350°F.</p></li><li><p>While those are cooking, heat the English muffin and cheese in a toaster oven and microwave the turkey sausage patty according to the package directions.</p></li><li><p>Then stack the egg white muffin and sausage patty on the English muffin.</p></li></ol><h4><strong>Nutrition Data:</strong></h4><p><span>1 sandwich, 210 calories, 27 g carbs, 6 g fat, 8 g fiber, 16 g protein</span></p><p><strong>Cronometer Recipe Name:</strong><span> Fitomics Healthier Breakfast Sandwich</span></p><p><span>#breakfast #recipes #protein #eggs</span> #easy #brunch #mealprep </p>","SQ0714288","","","","","","","","","","","","","0.00","0.00","No","Unlimited","/breakfast","recipe","","","","","Yes","https://images.squarespace-cdn.com/content/v1/636146ec2f426a7dc5268652/183d6837-cdb6-4aa9-87b2-6f78b4b53e97/Untitled%25252Bdesign%25252B%2525282%252529.jpg"
"671a6d57a1b4411b8077af64","c8d110f2-4706-4571-9136-850ad756c362","SERVICE","recipe-store","spinach-cheese-egg-muffins","Spinach & Cheese Egg Muffins","<h3><strong>Ingredients:</strong></h3><ul data-rte-list=""true""><li><p>1 cup egg whites</p></li><li><p>1/2 cup spinach, chopped</p></li><li><p>1/2 cup shredded mozzarella cheese</p></li><li><p>Dash of sea salt and pepper</p></li></ul><h3><strong>Directions:</strong></h3><ol data-rte-list=""true""><li><p>Preheat the oven to 350℉.</p></li><li><p>Spray a 6 muffin tin with cooking spray.</p></li><li><p>Mix egg whites, cheese, spinach, and salt and pepper.</p></li><li><p>Pour mixture evenly among tins.</p></li><li><p>Cook for 18 minutes or until the eggs are cooked all the way through.</p></li><li><p>Let cool before eating. Enjoy!</p></li></ol><h4><strong>Nutrition Data:</strong></h4><p><strong>Recipe yield:</strong> 6 egg muffins</p><p style=""text-align: start; ""><strong>1 muffin: </strong>44 calories, 1 g carbs, 1.5 g fat, 6 g protein</p><p><strong>Cronometer Recipe Name:</strong><span> Fitomics Spinach &amp; Cheese Egg White Muffins</span></p><p><span>#breakfast #recipes #protein #eggs</span> #easy #brunch #mealprep #lowcarb #lowfat</p>","SQ7302554","","","","","","","","","","","","","0.00","0.00","No","Unlimited","/breakfast","recipe","","","","","Yes","https://images.squarespace-cdn.com/content/v1/636146ec2f426a7dc5268652/e97adeae-00a8-47d8-99f8-b9df9cbbebb0/Untitled%252Bdesign%252B%2525281%252529.jpg"
"671a6dfa09a73b6316bfaa59","70e85183-fb37-4ddf-9575-385f98c2711a","SERVICE","recipe-store","chicken-avocado-melt","Chicken Avocado Melt","<h3><strong>Ingredients:</strong></h3><ul data-rte-list=""true""><li><p>2 slices Dave's multigrain bread</p></li><li><p>1/2 avocado</p></li><li><p>3 oz grilled chicken breast</p></li><li><p>1 slice mozzarella cheese</p></li><li><p>1 dash sea salt</p></li><li><p>1 dash pepper</p></li></ul><h3><strong>Directions:</strong></h3><ol data-rte-list=""true""><li><p>Toast bread according to preference.</p></li><li><p>Dice avocado into small pieces and sprinkle salt and pepper on the pieces.</p></li><li><p>Once bread is finished toasting, spread avocado onto toast and mash into a jam like consistency.</p></li><li><p>Cook chicken breast according to preference and top with cheese to melt.</p></li><li><p>Place on slice of toast and top with other piece of toast and enjoy!</p></li></ol><h4><strong>Nutrition Data:</strong></h4><p><strong>1 sanwich: </strong>504 calories, 41 g carbs, 21.3 g fat, 42.3 g protein</p><p><strong>Cronometer Recipe Name:</strong><span> Fitomics Chicken Avocado Melt</span></p><p><span>#lunch #recipes #chicken #sandwich</span> #avocado #protein #easy #highprotein #dinner</p>","SQ2327512","","","","","","","","","","","","","0.00","0.00","No","Unlimited","/easy-meals","recipe","","","","","Yes",""
"671a6fe7fbef337c00acc8b6","2e3bd99f-802c-473c-9984-b5e23b6e7690","SERVICE","recipe-store","greek-turkey-burgers","Greek Turkey Burgers","<h3 style=""text-align: center; ""><strong>Ingredients:</strong></h3><p style=""text-align: center; "">Turkey Burgers:</p><ul data-rte-list=""true""><li><p style=""text-align: center; "">24 oz ground turkey</p></li><li><p style=""text-align: center; "">1/2 cup reduced-fat feta cheese</p></li><li><p style=""text-align: center; "">4 tsp minced garlic</p></li><li><p style=""text-align: center; "">1 small red onion, diced</p></li><li><p style=""text-align: center; "">1 cup spinach</p></li><li><p style=""text-align: center; "">1/2 tsp oregano</p></li><li><p style=""text-align: center; "">1 tsp sea salt</p></li><li><p style=""text-align: center; "">1/2 tsp pepper</p></li></ul><p style=""text-align: center; "">Homemade Tzatziki:</p><ul data-rte-list=""true""><li><p style=""text-align: center; "">1/4 cup fat-free Greek yogurt</p></li><li><p style=""text-align: center; "">1/2 tsp lemon juice</p></li><li><p style=""text-align: center; "">1 large sprig of dill</p></li><li><p style=""text-align: center; "">3-4 sliced pickles, diced</p></li></ul><h3 style=""text-align: center; ""><strong>Directions:</strong></h3><ol data-rte-list=""true""><li><p style=""text-align: center; "">Combine all ingredients for the turkey burgers in a large bowl.</p></li><li><p style=""text-align: center; "">Form into patties.</p></li><li><p style=""text-align: center; "">On stove top, heat a large skillet and cook for 5 minutes, flip, then turn the heat to medium low. Cover for the next 5 minutes until all burgers are cooked.</p></li><li><p style=""text-align: center; "">Preheat oven to 375 and cook for ~25 minutes.</p></li><li><p style=""text-align: center; "">Serve with bun, fries, Greek salad, etc.</p></li></ol><h4 style=""text-align: center; ""><strong>Nutrition Data:</strong></h4><p style=""text-align: center; ""><strong>Recipe yield: </strong>6 servings</p><p style=""text-align: center; ""><strong>1 serving</strong>: Calories: 208, Fat: 4.4g, Carbohydrates: 2.4g, Protein: 39.3 g</p><p style=""text-align: center; ""><strong>Tzatziki Sauce:</strong><span> 1 serving, 40 calories, 0.3g fat, 3g carbohydrates, 6.4g protein</span></p><p style=""text-align: center; ""><strong>Cronometer Recipe Name:</strong><span> Fitomics Greek Turkey Burgers</span></p><p style=""text-align: center; ""><span>#dinner #recipes #burger</span> #turkey #protein #easy #lunch #highprotein </p>","SQ8554712","","","","","","","","","","","","","0.00","0.00","No","Unlimited","/easy-meals, /dinner","recipe","","","","","Yes","https://images.squarespace-cdn.com/content/v1/636146ec2f426a7dc5268652/8219de25-11ce-49f0-ad69-34365415c6de/Untitled%2B%28Instagram%2BPost%2B%28Square%29%29%2B%281%29.png"
"671a76f5b84df063894df6c6","415ace1e-0f4a-4a97-ac82-63d8d78c404e","SERVICE","recipe-store","taco-chicken","Taco Chicken","<h3><strong>Ingredients:</strong></h3><ul data-rte-list=""true""><li><p>2 lb raw chicken breast</p></li><li><p>2 packets fajita or taco seasoning</p></li><li><p>1 packet of ranch seasoning</p></li></ul><h3><strong>Directions:</strong></h3><ol data-rte-list=""true""><li><p>Preheat oven to 375°F.</p></li><li><p>Slice chicken into half inch strips.</p></li><li><p>Put the strips in a bowl and toss them in the fajita and ranch seasonings.</p></li><li><p>Bake for about 20 mins, or until they are cooked completely.</p></li></ol><h4><strong>Nutrition Data:</strong></h4><p><strong>Recipe Yield: </strong>6 servings</p><p style=""text-align: start; ""><strong>1 serving (160 g): </strong>253 calories, 5 g fat, 7 g carbohydrates,1 g fiber, 47 g protein</p><p><strong>Cronometer Recipe Name: </strong>Fitomics Taco Chicken</p><p><span>#protein #recipes #sheetpan</span> #easy #easymeals #highprotein #dinner #lunch #mealprep</p>","SQ6885315","","","","","","","","","","","","","0.00","0.00","No","Unlimited","/easy-meals, /dinner","recipe","","","","","Yes","https://images.squarespace-cdn.com/content/v1/636146ec2f426a7dc5268652/fa46ae91-a8f4-4354-a7b2-c27de8cb2817/Untitled%252Bdesign%252B%25287%2529.jpg"
"671a76f5f1f98b4ffb86af42","cd736b28-3db7-4ff6-b98b-91e86b8cd2b5","SERVICE","recipe-store","salmon-burger","Salmon Burger","<h3><strong>Ingredients:</strong></h3><ul data-rte-list=""true""><li><p>1 salmon fillet</p></li><li><p>2 tbsp dijon mustard</p></li><li><p>1 tbsp cilantro</p></li><li><p>1 tbsp parsley</p></li><li><p>1/2 tsp salt</p></li><li><p>1/2 tsp pepper</p></li><li><p>1/2 tsp paprika</p></li><li><p>1/4 cup breadcrumbs</p></li><li><p>1/2 tbsp olive oil</p></li></ul><h3><strong>Directions:</strong></h3><ol data-rte-list=""true""><li><p>Cut the salmon fillet into 1-inch pieces.</p></li><li><p>In a food processor or blender, add salmon cubes, mustard, herbs, salt, pepper, and paprika.</p></li><li><p>Pulse until mixed together well. There should be some small chunks.</p></li><li><p>Transfer salmon mixture to a medium-sized bowl. </p></li><li><p>Add the breadcrumbs and mix with a spatula until combined.</p></li><li><p>Evenly divide the salmon mixture into four portions (about 4-oz. each) then shape into patties.</p></li><li><p>Cook on the stovetop over medium high heat until the fillet is golden brown.</p></li><li><p>Flip and let it cook for a few more minutes.</p></li></ol><p><strong>Nutrition Data:</strong></p><p><strong>Reciepe Yield:</strong> 4 salmon patties</p><p style=""text-align: start; ""><strong>1 salmon patty: </strong>350 calories, 20 g fat, 16 g carbohydrates, 28 g protein, 2 g fiber</p><p><strong>Cronometer Recipe Name:</strong><span> Fitomics Salmon Burger</span></p><p><span>#dinner #recipes #salmon #sandwich</span> #protein #omega3s #seafood #fish #lunch #highprotein</p>","SQ5511734","","","","","","","","","","","","","0.00","0.00","No","Unlimited","/easy-meals, /dinner","recipe","","","","","Yes","https://images.squarespace-cdn.com/content/v1/636146ec2f426a7dc5268652/7cf91590-cc47-48aa-a9a7-d7904c2c8e1b/Untitled%252Bdesign%252B%25284%2529.jpg"
"671a7824627a3a6727d2adc4","741b79a8-f98a-4bbe-ac12-b24f6a3f1de6","SERVICE","recipe-store","crockpot-bbq-chicken","Crockpot BBQ Chicken","<h3 style=""text-align: center; ""><strong>Ingredients:</strong></h3><ul data-rte-list=""true""><li><p style=""text-align: center; "">2 lb boneless skinless chicken breast</p></li><li><p style=""text-align: center; "">1.5 cups Primal Kitchen BBQ sauce</p></li><li><p style=""text-align: center; "">1/4 cup apple cider vinegar</p></li><li><p style=""text-align: center; "">1/2 tsp onion powder</p></li><li><p style=""text-align: center; "">1/2 tsp garlic powder</p></li></ul><h3 style=""text-align: center; ""><strong>Directions:</strong></h3><ol data-rte-list=""true""><li><p style=""text-align: center; "">In a bowl, mix BBQ sauce, vinegar, onion and garlic powder.</p></li><li><p style=""text-align: center; "">Place chicken breasts in the bottom of the crockpot.</p></li><li><p style=""text-align: center; "">Pour the sauce over the chicken and cook chicken on high for 2-3 hours or until completely cooked.</p></li><li><p style=""text-align: center; "">Shred the chicken once finished cooking.</p></li></ol><p style=""text-align: center; ""><strong>Nutrition Data:</strong></p><p style=""text-align: center; ""><strong>Recipe Yield:</strong> 8 servings</p><p style=""text-align: center; ""><strong>1 serving: </strong><span>192 calories, 3.6g fat, 4.4g carbohydrates, 34g protein</span></p><p style=""text-align: center; ""><strong>Cronometer Recipe Name:</strong><span> Fitomics Crockpot BBQ Chicken</span></p><p style=""text-align: center; ""><span>#dinner #recipes #crockpot #easy</span> #protein #mealprep #easymeals</p>","SQ1584882","","","","","","","","","","","","","0.00","0.00","No","Unlimited","/easy-meals, /dinner","recipe","","","","","Yes","https://images.squarespace-cdn.com/content/v1/636146ec2f426a7dc5268652/e894bcb7-aca3-4b4b-b7a9-255b3f4b0e15/Untitled%252Bdesign%252B%25289%2529.jpg"
"671a78c80270cf4c7d371e94","1f28b53f-9467-4095-b5d2-b6ff81009c36","SERVICE","recipe-store","mediterranean-wrap","Mediterranean Wrap","<h3 style=""text-align: center; ""><strong>Ingredients:</strong></h3><ul data-rte-list=""true""><li><p style=""text-align: center; "">1 Joseph's Lavash Wrap</p></li><li><p style=""text-align: center; "">4 oz grilled chicken</p></li><li><p style=""text-align: center; "">10 g onion</p></li><li><p style=""text-align: center; "">30 g hummus</p></li><li><p style=""text-align: center; "">60 g tomatoes</p></li><li><p style=""text-align: center; "">30 g reduced-fat feta cheese</p></li><li><p style=""text-align: center; "">40 g cucumber</p></li><li><p style=""text-align: center; "">20 g pickles</p></li><li><p style=""text-align: center; "">40 g spinach</p></li><li><p style=""text-align: center; "">60 g homemade tzatziki sauce</p></li></ul><p style=""text-align: center; ""><strong><em>Homemade Tzatziki:</em></strong></p><ul data-rte-list=""true""><li><p style=""text-align: center; "">60 g fat-free Greek yogurt</p></li><li><p style=""text-align: center; "">1 g lemon juice</p></li><li><p style=""text-align: center; "">1 large sprig of dill</p></li><li><p style=""text-align: center; "">25 g diced pickles</p></li></ul><h3 style=""text-align: center; ""><strong>Directions:</strong></h3><ol data-rte-list=""true""><li><p style=""text-align: center; "">Make Tzatziki sauce by mixing Greek yogurt, lemon juice, dill, and diced pickles into a small bowl. Set aside.</p></li><li><p style=""text-align: center; "">Dice the tomatoes, cucumber, and pickles.</p></li><li><p style=""text-align: center; "">Spread hummus on the lavash wrap.</p></li><li><p style=""text-align: center; "">Layer onion, tomatoes, feta cheese, and thin slices of cucumber in the middle of the wrap.</p></li><li><p style=""text-align: center; "">Slice the grilled chicken into strips.</p></li><li><p style=""text-align: center; "">Add the pickles, spinach, and homemade tzatziki sauce.</p></li><li><p style=""text-align: center; "">Wrap it up and enjoy!</p></li></ol><p style=""text-align: center; ""><strong>Nutrition Data:</strong></p><p style=""text-align: center; ""><strong>Serving Size:</strong><span> 476 calories, 41 g carbohydrates, 14 g fat, 5 g fiber, 49 g protein</span></p><p style=""text-align: center; ""><strong>Cronometer Recipe Name:</strong><span> Fitomics </span>Mediterranean Wrap</p><p style=""text-align: center; ""><span>#lunch #recipes #easy</span> #protein #wrap #highprotein #wrap #greek</p>","SQ4475424","","","","","","","","","","","","","0.00","0.00","No","Unlimited","/easy-meals","recipe","","","","","Yes","https://images.squarespace-cdn.com/content/v1/636146ec2f426a7dc5268652/8dd19160-cb9e-4e5b-9030-44427ff37077/Untitled%252Bdesign%252B%25286%2529.jpg"
"671a79af210b270fc64758f6","901b8e8e-e27f-4ba1-af0a-f38920ee5fc7","SERVICE","recipe-store","ground-turkey-sweet-potato-bake","Ground Turkey Sweet Potato Bake","<h3 style=""text-align: center; ""><strong>Ingredients:</strong></h3><ul data-rte-list=""true""><li><p style=""text-align: center; "">1 lb ground turkey</p></li><li><p style=""text-align: center; "">2 medium sweet potatoes, peeled and diced</p></li><li><p style=""text-align: center; "">2 zucchini, diced</p></li><li><p style=""text-align: center; "">2/3 cup shredded parmesan cheese</p></li><li><p style=""text-align: center; "">1 tsp garlic powder</p></li><li><p style=""text-align: center; "">1 tsp rosemary</p></li><li><p style=""text-align: center; "">5 tbsp olive oil</p></li><li><p style=""text-align: center; "">1/4 tsp salt and pepper</p></li></ul><h3 style=""text-align: center; ""><strong>Directions:</strong></h3><ol data-rte-list=""true""><li><p style=""text-align: center; "">Preheat oven to 400°F.</p></li><li><p style=""text-align: center; "">Place in a large baking dish and toss the diced sweet potatoes with 2 tbsp olive oil, 1/2 tsp garlic powder, 1/2 tsp rosemary, salt, and pepper.</p></li><li><p style=""text-align: center; "">Bake the sweet potatoes for 30 minutes.</p></li><li><p style=""text-align: center; "">While sweet potatoes are in the oven, sauté the ground turkey in a pan with 1 tbsp olive oil, 1 tsp garlic powder, 1/2 tsp rosemary, salt, and pepper.</p></li><li><p style=""text-align: center; "">Remove the sweet potato from the oven.</p></li><li><p style=""text-align: center; "">Layer the ground turkey and diced zucchini on top of the sweet potatoes.</p></li><li><p style=""text-align: center; "">Bake for 10 minutes.</p></li><li><p style=""text-align: center; "">Add in an additional 2 tbsp olive oil, mix, and top with the shredded parmesan cheese.</p></li><li><p style=""text-align: center; "">Bake for 10 minutes.</p></li></ol><p style=""text-align: center; ""><strong>Nutrition Data:</strong></p><p style=""text-align: center; ""><strong>Recipe Yield: </strong>6 servings</p><p style=""text-align: center; ""><strong>1 serving: </strong>373 calories, 20 g fat, 14 g carbohydrates, 3 g fiber, 35 g protein</p><p style=""text-align: center; ""><strong>Cronometer Recipe Name:</strong><span> Fitomics Ground Turkey Sweet Potato Bake</span></p><p style=""text-align: center; ""><span>#dinner #recipes #easy</span> #protein #mealprep #highprotein #lunch</p>","SQ7682852","","","","","","","","","","","","","0.00","0.00","No","Unlimited","/easy-meals, /dinner","recipe","","","","","Yes","https://images.squarespace-cdn.com/content/v1/636146ec2f426a7dc5268652/e3a8f414-2acb-4d17-b04e-e924b9686aeb/46.jpg"
"671a7db73975d320de6a3bbf","c2cd057d-c4a6-4ba3-a648-8a95f5bd33c8","SERVICE","recipe-store","crockpot-sante-fe-chicken","Crockpot Sante Fe Chicken","<h3 style=""text-align: center; ""><strong>Ingredients:</strong></h3><ul data-rte-list=""true""><li><p style=""text-align: center; "">20 oz chicken</p></li><li><p style=""text-align: center; "">1 can (14 oz) diced tomatoes</p></li><li><p style=""text-align: center; "">1 can (15 oz) black beans</p></li><li><p style=""text-align: center; "">8 oz frozen corn</p></li><li><p style=""text-align: center; "">1/4 cup cilantro</p></li><li><p style=""text-align: center; "">14 oz chicken broth</p></li><li><p style=""text-align: center; "">1 tsp garlic powder, onion powder, ground cumin, and sea salt</p></li><li><p style=""text-align: center; "">1/2 avocado, sliced (for topping)</p></li></ul><h3 style=""text-align: center; ""><strong>Directions:</strong></h3><ol data-rte-list=""true""><li><p style=""text-align: center; "">Combine all ingredients in a crockpot and cook on low for 8 - 10 hours or on high for 4 to 6 hours.</p></li><li><p style=""text-align: center; "">Add avocado slices on top before serving.</p></li></ol><p style=""text-align: center; ""><strong>Nutrition Data:</strong></p><p style=""text-align: center; ""><strong>Recipe Yield</strong>: 6</p><p style=""text-align: center; ""><strong>1 serving (348g):</strong> 321 calories, 32 g carbohydrate, 6 g fat, 8 g fiber, 38 g protein</p><p style=""text-align: center; ""><strong>Cronometer Recipe Name:</strong><span> Fitomics </span>Crockpot Sante Fe Chicken</p><p style=""text-align: center; ""><span>#dinner #recipes #easy</span> #protein #crockpot #highfiber #mealprep</p>","SQ6108356","","","","","","","","","","","","","0.00","0.00","No","Unlimited","/easy-meals, /dinner","recipe","","","","","Yes","https://images.squarespace-cdn.com/content/v1/636146ec2f426a7dc5268652/22f31fa7-3163-44e2-ab68-4c8cb2b3cb15/Untitled%252Bdesign%252B%252810%2529.jpg"
"671a7e458e78834f3dbd762b","565e35dd-2b95-4bb0-a977-83d4b07aaa85","SERVICE","recipe-store","blueberry-coconut-chia-seed-pudding","Blueberry Coconut Chia Seed Pudding","<h3 style=""text-align: center; ""><strong>Ingredients:</strong></h3><ul data-rte-list=""true""><li><p>1 cup unsweetened coconut milk</p></li><li><p>1/4 cup water</p></li><li><p>1 tsp vanilla extract</p></li><li><p>6 tbsp chia seeds</p></li><li><p>1.5 cup frozen blueberries</p></li><li><p>2 tbsp water</p></li></ul><h3 style=""text-align: center; ""><strong>Directions:</strong></h3><ol data-rte-list=""true""><li><p>You will need a container with an airtight lid. A Mason jar works best.</p></li><li><p>Pour coconut milk first. Then, add in the chia seeds, 1/4 cup water, and vanilla extract.</p></li><li><p>Put the top on and shake it for 15 seconds.</p></li><li><p>Add frozen blueberries and 2 tbsp water to a sauce pan and heat on medium.</p></li><li><p>After about 3-5 minutes, smash the blueberries.</p></li><li><p>Reduce the heat to medium-low to simmer for 10 minutes, stirring frequently.</p></li><li><p>Once cooled, add the sauce on top of the chia pudding.</p></li><li><p>Put the container in the refrigerator for 4 hours.</p></li><li><p>Take it out and stir it up and enjoy!</p></li></ol><p style=""text-align: center; ""><strong>Nutrition Data:</strong></p><p style=""text-align: center; ""><strong>Recipe Yield: </strong>2 servings</p><p style=""text-align: start; ""><strong>1 serving (299g): </strong>249 calories, 28 g carbohydrates, 14 g fat, 14 g fiber, 6 g protein</p><p style=""text-align: center; ""><strong>Cronometer Recipe Name:</strong><span> Fitomics Blueberry Coconut Chia Seed Pudding</span></p><p style=""text-align: center; ""><span>#snack #recipes #easy</span> #dessert #fiber #highfiber #breakfast #brunch </p>","SQ8801300","","","","","","","","","","","","","0.00","0.00","No","Unlimited","/breakfast, /desserts, /snacks","recipe","","","","","Yes","https://images.squarespace-cdn.com/content/v1/636146ec2f426a7dc5268652/67ac6edf-5ea1-4446-ae6f-7ad3e1cb9684/Untitled%252Bdesign%252B%25283%2529.jpg"
"671a7ed526ce9354e2ba50e0","e231a9e7-3e70-44cc-9e86-ba1457c38c12","SERVICE","recipe-store","lightened-up-green-bean-casserole","Lightened Up Green Bean Casserole","<h3 style=""text-align: center; ""><strong>Ingredients:</strong></h3><ul data-rte-list=""true""><li><p>1 lb fresh green beans, trimmed and cut into bite-sized pieces</p></li><li><p>2bsp olive oil</p></li><li><p>1 small onion, finely chopped</p></li><li><p>2 cloves garlic, minced</p></li><li><p>8 ounces mushrooms, sliced</p></li><li><p>2 tbsp whole wheat flour</p></li><li><p>1 cup low-sodium vegetable broth</p></li><li><p>1 cup unsweetened almond milk (or any other milk alternative)</p></li><li><p>Salt and pepper to taste</p></li><li><p>1 tsp dried thyme</p></li><li><p>1 cup whole grain breadcrumbs</p></li><li><p>2 tbsp grated Parmesan cheese (optional)</p></li><li><p>Cooking spray</p></li></ul><h3 style=""text-align: center; ""><strong>Directions:</strong></h3><ol data-rte-list=""true""><li><p><strong>Preheat the oven:</strong> Preheat your oven to 375°F (190°C).</p></li><li><p><strong>Blanch the green beans:</strong> Bring a large pot of water to a boil. Add the green beans and cook for 3-4 minutes, then immediately transfer them to a bowl of ice water to stop the cooking process. Drain and set aside.</p></li><li><p><strong>Make the mushroom sauce:</strong></p><ul data-rte-list=""true""><li><p>In a large skillet, heat the olive oil over medium heat. Add chopped onions and garlic, sautéing until softened.</p></li><li><p>Add sliced mushrooms and cook until they release their moisture and become golden brown.</p></li><li><p>Sprinkle flour over the mushroom mixture and stir well to coat. Cook for 1-2 minutes to remove the raw flour taste.</p></li><li><p>Slowly whisk in the vegetable broth and almond milk. Stir continuously until the mixture thickens.</p></li><li><p>Season with salt, pepper, and dried thyme. Allow the sauce to simmer for a few minutes until it reaches a creamy consistency.</p></li></ul></li><li><p><strong>Assemble the casserole:</strong></p><ul data-rte-list=""true""><li><p>Add the blanched green beans to the mushroom sauce, stirring until well coated.</p></li><li><p>Transfer the mixture to a lightly greased baking dish.</p></li></ul></li><li><p><strong>Prepare the topping:</strong></p><ul data-rte-list=""true""><li><p>In a small bowl, mix the whole grain breadcrumbs with grated Parmesan cheese (if using).</p></li><li><p>Sprinkle the breadcrumb mixture evenly over the green bean mixture.</p></li></ul></li><li><p><strong>Bake:</strong></p><ul data-rte-list=""true""><li><p>Bake in oven for 20-25 minutes or until the top is golden brown and the casserole is bubbling around the edges.</p></li></ul></li><li><p><strong>Serve:</strong></p><ul data-rte-list=""true""><li><p>Allow the casserole to cool for a few minutes before serving.</p></li><li><p>Enjoy your healthier green bean casserole!</p></li></ul></li></ol><p style=""text-align: center; ""><span>#side #recipes #seasonal #Thanksgiving #casserole #holiday #sidedish #vegetables</span></p>","SQ5725402","","","","","","","","","","","","","0.00","0.00","No","Unlimited","/seasonal, /apps-sides","recipe","","","","","Yes","https://images.squarespace-cdn.com/content/v1/636146ec2f426a7dc5268652/c8886579-d941-452d-aac7-64c770e1f5f5/2.jpg"
"671a7f3d48582c7dd3420462","3f927b03-1d91-45ce-9010-9fcd374d187f","SERVICE","recipe-store","roasted-brussels-sprouts-with-balsamic-glaze","Roasted Brussels Sprouts with Balsamic Glaze","<h3 style=""text-align: center; ""><strong>Ingredients:</strong></h3><ul data-rte-list=""true""><li><p style=""text-align: center; "">1 lb Brussels sprouts, trimmed and halved</p></li><li><p style=""text-align: center; "">2 tbsp olive oil</p></li><li><p style=""text-align: center; "">Salt and black pepper to taste</p></li><li><p style=""text-align: center; "">2 tbsp balsamic vinegar</p></li><li><p style=""text-align: center; "">1 tbsp honey or maple syrup (optional, for sweetness)</p></li><li><p style=""text-align: center; "">1-2 cloves garlic, minced (optional, for added flavor)</p></li><li><p style=""text-align: center; "">2 tbsp chopped fresh parsley (for garnish, optional)</p></li></ul><h3 style=""text-align: center; ""><strong>Directions:</strong></h3><ol data-rte-list=""true""><li><p style=""text-align: center; ""><strong>Preheat the Oven:</strong> </p><p style=""text-align: center; "">Preheat your oven to 400°F (200°C).</p></li><li><p style=""text-align: center; ""><strong>Prepare Brussels Sprouts:</strong></p><ul data-rte-list=""true""><li><p style=""text-align: center; "">Trim the ends of the Brussels sprouts and cut them in half.</p></li><li><p style=""text-align: center; "">Place them in a large bowl.</p></li></ul></li><li><p style=""text-align: center; ""><strong>Seasoning:</strong></p><ul data-rte-list=""true""><li><p style=""text-align: center; "">Drizzle olive oil over the Brussels sprouts, ensuring they are evenly coated.</p></li><li><p style=""text-align: center; "">Season with salt and black pepper to taste. Add minced garlic if desired.</p></li></ul></li><li><p style=""text-align: center; ""><strong>Roast Brussels Sprouts:</strong></p><ul data-rte-list=""true""><li><p style=""text-align: center; "">Spread the Brussels sprouts in a single layer on a baking sheet.</p></li><li><p style=""text-align: center; "">Roast in oven for 20-25 minutes or until they are golden brown and crispy on the edges. Shake or stir them halfway through to ensure even cooking.</p></li></ul></li><li><p style=""text-align: center; ""><strong>Prepare Balsamic Glaze:</strong></p><ul data-rte-list=""true""><li><p style=""text-align: center; "">While the Brussels sprouts are roasting, prepare the balsamic glaze.</p></li><li><p style=""text-align: center; "">In a small saucepan, heat balsamic vinegar over medium heat.</p></li><li><p style=""text-align: center; "">Optional: add honey or maple syrup for sweetness. Simmer for 5-7 minutes or until the vinegar has reduced by half and has a syrupy consistency.</p></li></ul></li><li><p style=""text-align: center; ""><strong>Combine and Glaze:</strong></p><ul data-rte-list=""true""><li><p style=""text-align: center; "">Once the Brussels sprouts are done roasting, transfer them to a serving bowl.</p></li><li><p style=""text-align: center; "">Drizzle the balsamic glaze over the roasted Brussels sprouts and toss them to coat evenly.</p></li></ul></li><li><p style=""text-align: center; ""><strong>Garnish and Serve:</strong></p><ul data-rte-list=""true""><li><p style=""text-align: center; "">Optionally, garnish with chopped fresh parsley for a burst of freshness.</p></li></ul></li><li><p style=""text-align: center; ""><strong>Serve Warm:</strong></p><ul data-rte-list=""true""><li><p style=""text-align: center; "">Serve the roasted Brussels sprouts with balsamic glaze immediately while warm.</p></li></ul></li></ol><p style=""text-align: center; ""><span>#side #recipes #seasonal #Thanksgiving #vegetables #sidedish #holiday</span></p>","SQ8881347","","","","","","","","","","","","","0.00","0.00","No","Unlimited","/seasonal, /apps-sides","recipe","","","","","Yes","https://images.squarespace-cdn.com/content/v1/636146ec2f426a7dc5268652/ab4cf15b-8bd8-4005-bf14-644c3a02442a/4.jpg"
"671a8252f3c7c9218394a859","05e201b2-821c-488c-87b3-b6a155caed06","SERVICE","recipe-store","thanksgiving-kale-salad-with-roasted-butternut-squash","Thanksgiving Kale Salad with Roasted Butternut Squash","<h3 style=""text-align: center; ""><strong>Ingredients:</strong></h3><p style=""text-align: center; ""><strong>For the Salad:</strong></p><ul data-rte-list=""true""><li><p style=""text-align: center; "">1 bunch kale, stems removed and leaves thinly sliced</p></li><li><p style=""text-align: center; "">2 cups butternut squash, peeled and diced into bite-sized pieces</p></li><li><p style=""text-align: center; "">1/2 cup pumpkin seeds (pepitas), toasted</p></li><li><p style=""text-align: center; "">1/3 cup dried cranberries</p></li><li><p style=""text-align: center; "">1/4 cup feta cheese, crumbled (optional)</p></li><li><p style=""text-align: center; "">Salt and black pepper to taste</p></li></ul><p style=""text-align: center; ""><strong>For the Dressing:</strong></p><ul data-rte-list=""true""><li><p style=""text-align: center; "">3 tbsp olive oil</p></li><li><p style=""text-align: center; "">2 tbsp balsamic vinegar</p></li><li><p style=""text-align: center; "">1 tbsp maple syrup or honey</p></li><li><p style=""text-align: center; "">1 tsp Dijon mustard</p></li><li><p style=""text-align: center; "">Salt and black pepper to taste</p></li></ul><h3 style=""text-align: center; ""><strong>Directions:</strong></h3><ol data-rte-list=""true""><li><p style=""text-align: center; ""><strong>Roast Butternut Squash:</strong></p><ul data-rte-list=""true""><li><p style=""text-align: center; "">Preheat your oven to 400°F (200°C).</p></li><li><p style=""text-align: center; "">Toss the diced butternut squash with a bit of olive oil, salt, and pepper.</p></li><li><p style=""text-align: center; "">Spread the squash on a baking sheet in a single layer and roast for 20-25 minutes or until tender and golden brown. Allow it to cool.</p></li></ul></li><li><p style=""text-align: center; ""><strong>Prepare Kale:</strong></p><ul data-rte-list=""true""><li><p style=""text-align: center; "">In a large bowl, massage the kale with a bit of olive oil for a few minutes until it becomes tender and dark green.</p></li></ul></li><li><p style=""text-align: center; ""><strong>Assemble the Salad:</strong></p><ul data-rte-list=""true""><li><p style=""text-align: center; "">Add the roasted butternut squash, toasted pumpkin seeds, dried cranberries, and crumbled feta cheese (optional) to the massaged kale.</p></li></ul></li><li><p style=""text-align: center; ""><strong>Prepare the Dressing:</strong></p><ul data-rte-list=""true""><li><p style=""text-align: center; "">In a small bowl, whisk together the olive oil, balsamic vinegar, maple syrup or honey, Dijon mustard, salt, and pepper.</p></li></ul></li><li><p style=""text-align: center; ""><strong>Dress the Salad:</strong></p><ul data-rte-list=""true""><li><p style=""text-align: center; "">Pour the dressing over the salad and toss everything together until well coated.</p></li></ul></li><li><p style=""text-align: center; ""><strong>Chill (Optional):</strong></p><ul data-rte-list=""true""><li><p style=""text-align: center; "">If time allows, let the salad chill in the refrigerator for 30 minutes to allow the flavors to meld.</p></li></ul></li><li><p style=""text-align: center; ""><strong>Serve:</strong></p><ul data-rte-list=""true""><li><p style=""text-align: center; "">Serve the kale salad in a large bowl or on a platter, and sprinkle additional pumpkin seeds and cranberries on top for garnish if desired.</p></li></ul></li></ol><p style=""text-align: center; ""><span>#side #recipes #seasonal #Thanksgiving #salad #holiday #holidaymeal</span></p>","SQ6773701","","","","","","","","","","","","","0.00","0.00","No","Unlimited","/seasonal, /apps-sides","recipe","","","","","Yes","https://images.squarespace-cdn.com/content/v1/636146ec2f426a7dc5268652/e358a63f-b8c2-438e-b162-699212e60b93/1.jpg"
"671a82c7b84df06389521851","0e783b3e-0433-49a8-bb1f-bdf24cc8bda1","SERVICE","recipe-store","sweet-potato-casserole-with-pecan-topping","Sweet Potato Casserole with Pecan Topping","<h3 style=""text-align: center; ""><strong>Ingredients:</strong></h3><p style=""text-align: center; "">For the Sweet Potato Filling:</p><ul data-rte-list=""true""><li><p style=""text-align: center; "">4 medium sweet potatoes, peeled and cubed</p></li><li><p style=""text-align: center; "">2 tbsp coconut oil or olive oil</p></li><li><p style=""text-align: center; "">1 egg</p></li><li><p style=""text-align: center; "">1/4 cup pure maple syrup or honey</p></li><li><p style=""text-align: center; "">1 tsp  ground cinnamon</p></li><li><p style=""text-align: center; "">1/2 tsp nutmeg</p></li><li><p style=""text-align: center; "">1/4 cup unsweetened almond milk (or any milk alternative)</p></li><li><p style=""text-align: center; "">1 tsp vanilla extract</p></li><li><p style=""text-align: center; "">Pinch of salt</p></li></ul><p style=""text-align: center; "">For the Pecan Topping:</p><ul data-rte-list=""true""><li><p style=""text-align: center; "">1 cup pecans, chopped</p></li><li><p style=""text-align: center; "">1/4 cup whole wheat flour (or other flour alternative)</p></li><li><p style=""text-align: center; "">2 tbsp coconut oil, melted</p></li><li><p style=""text-align: center; "">2 tbsp pure maple syrup or honey</p></li><li><p style=""text-align: center; "">1/2 tsp cinnamon</p></li><li><p style=""text-align: center; "">Pinch of salt</p></li></ul><h3 style=""text-align: center; ""><strong>Directions:</strong></h3><ul data-rte-list=""true""><li><p style=""text-align: center; ""><strong>Preheat the Oven:</strong> </p><p style=""text-align: center; "">Preheat your oven to 375°F (190°C).</p></li><li><p style=""text-align: center; ""><strong>Cook Sweet Potatoes:</strong></p><ul data-rte-list=""true""><li><p style=""text-align: center; "">Place the sweet potato cubes in a large pot of water and bring to a boil.</p></li><li><p style=""text-align: center; "">Cook until the sweet potatoes are tender, about 15-20 minutes.</p></li><li><p style=""text-align: center; "">Drain the sweet potatoes and transfer them to a large mixing bowl.</p></li></ul></li><li><p style=""text-align: center; ""><strong>Mash Sweet Potatoes:</strong></p><ul data-rte-list=""true""><li><p style=""text-align: center; "">Mash the sweet potatoes with a potato masher or fork until smooth.</p></li></ul></li><li><p style=""text-align: center; ""><strong>Add Ingredients to the Filling:</strong></p><ul data-rte-list=""true""><li><p style=""text-align: center; "">Add beaten egg, coconut oil, maple syrup (or honey), cinnamon, nutmeg, almond milk, vanilla extract, and a pinch of salt to the mashed sweet potatoes. Mix well until combined.</p></li></ul></li><li><p style=""text-align: center; ""><strong>Prepare the Pecan Topping:</strong></p><ul data-rte-list=""true""><li><p style=""text-align: center; "">In a separate bowl, combine chopped pecans, whole wheat flour, melted coconut oil, maple syrup (or honey), cinnamon, and a pinch of salt.</p></li><li><p style=""text-align: center; "">Mix until the pecans are evenly coated.</p></li></ul></li><li><p style=""text-align: center; ""><strong>Assemble the Casserole:</strong></p><ul data-rte-list=""true""><li><p style=""text-align: center; "">Transfer the sweet potato mixture to a baking dish, spreading it evenly.</p></li></ul></li><li><p style=""text-align: center; ""><strong>Add Pecan Topping:</strong></p><ul data-rte-list=""true""><li><p style=""text-align: center; "">Sprinkle the pecan topping evenly over the sweet potato layer.</p></li></ul></li><li><p style=""text-align: center; ""><strong>Bake:</strong></p><ul data-rte-list=""true""><li><p style=""text-align: center; "">Bake in oven for 25-30 minutes, or until the pecan topping is golden brown.</p></li></ul></li><li><p style=""text-align: center; ""><strong>Serve:</strong></p><ul data-rte-list=""true""><li><p style=""text-align: center; "">Allow the casserole to cool for a few minutes before serving.</p></li></ul></li></ul><p style=""text-align: center; ""><span>#side #recipes #seasonal #Thanksgiving #casserole #holiday #holidaymeal</span></p>","SQ8288174","","","","","","","","","","","","","0.00","0.00","No","Unlimited","/seasonal, /apps-sides","recipe","","","","","Yes","https://images.squarespace-cdn.com/content/v1/636146ec2f426a7dc5268652/b96c58fc-c0f1-4050-aecd-c01d44d1282d/3.jpg"
"671a836d6c3dbc11dcf3f49c","ed7e3e70-4d7b-439f-ac82-a3ac6bf0f1cc","SERVICE","recipe-store","apple-crisp-crumble","Apple Crisp Crumble","<h3 style=""text-align: center; ""><strong>Ingredients:</strong></h3><p style=""text-align: center; "">Apple Portion:</p><ul data-rte-list=""true""><li><p style=""text-align: center; "">6 apples</p></li><li><p style=""text-align: center; "">1 tbsp cinnamon</p></li><li><p style=""text-align: center; "">dash of salt</p></li><li><p style=""text-align: center; "">2 tsp coconut oil</p></li></ul><p style=""text-align: center; "">Crumble Portion:</p><ul data-rte-list=""true""><li><p style=""text-align: center; "">2/3 cup oats</p></li><li><p style=""text-align: center; "">2/3 cup pecans</p></li><li><p style=""text-align: center; "">1 tbsp coconut oil</p></li><li><p style=""text-align: center; "">2 tsp honey</p></li></ul><h3 style=""text-align: center; ""><strong>Directions:</strong></h3><ol data-rte-list=""true""><li><p style=""text-align: center; "">Preheat oven to 350°F.</p></li><li><p style=""text-align: center; "">Chop the apples and saut<span>é</span> them along with cinnamon, salt, and coconut oil in a pan at medium high heat for 2-3 minutes.</p></li><li><p style=""text-align: center; "">In a food processor, mix all crumble ingredients with 1 tbsp of water until throughly combined.</p></li><li><p style=""text-align: center; "">Add crumble and apple mixture to a small baking pan and bake for 15-20 minutes.</p></li></ol><p style=""text-align: center; ""><strong>Nutrition Data:</strong></p><p style=""text-align: center; ""><strong>Recipe Yield:</strong> 4 servings</p><p style=""text-align: center; ""><strong>1 serving: </strong>316 g, Calories: 383, Carbohydrates: 54 g, Fat: 20 g, Fiber: 11 g, Protein: 4 g</p><p style=""text-align: center; ""><strong>Cronometer Recipe Name:</strong><span> Fitomics Apple Crisp Crumble</span></p><p style=""text-align: center; ""><span>#recipes</span> #dessert #sweets #snack </p>","SQ8327548","","","","","","","","","","","","","0.00","0.00","No","Unlimited","/desserts","recipe","","","","","Yes","https://images.squarespace-cdn.com/content/v1/636146ec2f426a7dc5268652/9edf63a9-8540-4e9a-9a2e-c29d0246c7cb/Untitled%252Bdesign.jpg"
"671a8bd7fb164a4a47fc12a4","dbfecb44-f15f-4011-aff4-e68bf7953392","SERVICE","recipe-store","blueberry-breakfast-bake","Blueberry Breakfast Bake","<h3 style=""text-align: center; ""><strong>Ingredients:</strong></h3><p style=""text-align: center; ""><span>Base:</span></p><ul data-rte-list=""true""><li><p style=""text-align: center; ""><span>2 cups old fashioned oats</span></p></li><li><p style=""text-align: center; ""><span>1/2 cup almond butter</span></p></li><li><p style=""text-align: center; ""><span>2 large bananas</span></p></li><li><p style=""text-align: center; ""><span>1/2 cup blueberries</span></p></li><li><p style=""text-align: center; ""><span>1/4 cup hazelnuts</span></p></li></ul><p style=""text-align: center; ""><span>Topping (optional):</span></p><ul data-rte-list=""true""><li><p style=""text-align: center; ""><span>1/2 cup Swerve sweetener</span></p></li><li><p style=""text-align: center; ""><span>2 tbsp coconut milk</span></p></li></ul><h3 style=""text-align: center; ""><strong>Directions:</strong></h3><ol data-rte-list=""true""><li><p style=""text-align: center; ""><span>Preheat the oven to 350</span>°F.</p></li><li><p style=""text-align: center; ""><span>In a large mixing bowl, combine all base ingredients, and mix well.</span></p></li><li><p style=""text-align: center; ""><span>Bake for 20-25 minutes, or until completely cooked.</span></p></li><li><p style=""text-align: center; ""><span>Remove from the oven and allow it to cool in the pan for 15 minutes, before carefully transferring to a wire rack to cool completely.</span></p></li><li><p style=""text-align: center; ""><span>Once cool, drizzle the topping.</span></p></li></ol><p style=""text-align: center; ""><strong>Nutrition Data:</strong></p><p style=""text-align: center; ""><strong>Recipe Yield: </strong>8 servings</p><p style=""text-align: center; ""><strong>1 serving (83g): </strong>235 calories, 13 g fat, 26 g carbohydrates, 7g protein</p><p style=""text-align: center; ""><strong>Cronometer Recipe Name:</strong><span> Fitomics Blueberry Breakfast Bake</span></p><p style=""text-align: center; ""><span>#dessert #recipes #easy #blueberry #brunch #breakfast</span></p>","SQ1601213","","","","","","","","","","","","","0.00","0.00","No","Unlimited","/breakfast, /desserts","recipe","","","","","Yes","https://images.squarespace-cdn.com/content/v1/636146ec2f426a7dc5268652/af0894f9-8301-4765-b6fa-6c108f09fc7d/2.jpg"
"6728275e5d817503e89fba37","be752aa7-f77a-4bb5-80cf-82a59c46b6a2","SERVICE","recipe-store","pumpkin-smoothie","Pumpkin Smoothie","<h3 style=""text-align: center; ""><strong>Ingredients:</strong></h3><ul data-rte-list=""true""><li><p style=""text-align: center; ""><span>1/3 frozen banana</span></p></li><li><p style=""text-align: center; ""><span>1 cup unsweetened oat milk</span></p></li><li><p style=""text-align: center; ""><span>1/3</span> cup frozen riced cauliflower</p></li><li><p style=""text-align: center; ""><span>¼ cup pumpkin pure</span></p></li><li><p style=""text-align: center; ""><span>1 serving vanilla protein powder</span></p></li><li><p style=""text-align: center; ""><span>2 dates (soaked in hot water for 15 minutes)</span></p></li><li><p style=""text-align: center; ""><span>1 tsp pumpkin spice</span></p></li><li><p style=""text-align: center; ""><span>1 TBSP date syrup (for glass)</span></p></li></ul><p style=""text-align: center; ""></p><h3 style=""text-align: center; ""><strong>Directions:</strong></h3><ol data-rte-list=""true""><li><p style=""text-align: center; "">Blend ingredients until smooth.</p></li><li><p style=""text-align: center; "">Spread date syrup on inside of glass.</p></li><li><p style=""text-align: center; "">Pour into glass and enjoy.</p></li></ol><p style=""text-align: center; ""></p><p style=""text-align: center; ""><strong>Nutrition Data:</strong></p><p style=""text-align: center; ""><strong>1 serving (432g): </strong>459 calories, 2g fat, 88g carbohydrates, 28g protein</p><p style=""text-align: center; "">Cronometer Recipe Name:<span> Fitomics Pumpkin Smoothie</span></p><p style=""text-align: center; ""><span>#smoothie #breakfast #snack #recipes #easy #seasonal #pumpkin #fallmeals</span></p><p style=""text-align: center; ""><a href=""https://www.instagram.com/p/DA8lpHNRtht/?hl=en""><span>Instragram Reel</span></a></p>","SQ5405612","","","","","","","","","","","","","0.00","0.00","No","Unlimited","/breakfast, /seasonal, /drinks-smoothies, /snacks","recipe","","","","","Yes","https://images.squarespace-cdn.com/content/v1/636146ec2f426a7dc5268652/a62d0c78-6adf-4663-ac49-df6d332bf3d1/IMG_8442.jpg"
"673367b85e834a657680db44","2a3381be-269e-4604-b7c9-e2d5997bd7c6","SERVICE","recipe-store","peanutbutterbanana","Peanut Butter Banana Smoothie","<h3 style=""text-align: center; ""><strong>Ingredients:</strong></h3><ul data-rte-list=""true""><li><p style=""text-align: center; ""><span>1 banana</span></p></li><li><p style=""text-align: center; "">2 Tbsp natural peanut butter</p></li><li><p style=""text-align: center; ""><span>½ cup non-fat Greek yogurt</span></p></li><li><p style=""text-align: center; ""><span>1 scoop protein powder (Kion protein)</span></p></li><li><p style=""text-align: center; ""><span>½ cup unsweetened almond milk</span></p></li><li><p style=""text-align: center; ""><span>1t Cinnamon (optional) </span></p></li><li><p style=""text-align: center; ""><span>1 tsp honey or maple syrup (optional, for added sweetness) </span><em><span>(not included in Cronometer calculation) </span></em></p></li><li><p style=""text-align: center; ""><span>For additional calories: add ¼ cup to ½ cup oats </span><em><span>(not included in Cronometer calculation) </span></em></p></li></ul><h3 style=""text-align: center; ""><strong>Directions:</strong></h3><ol data-rte-list=""true""><li><p style=""text-align: center; "">Blend together banana, peanut butter, Greek yogurt, protein powder, almond milk, and optional ingredients.</p></li><li><p style=""text-align: center; "">Adjust consistency with more almond milk or add ice if needed.</p></li><li><p style=""text-align: center; "">Pour into glass and enjoy!</p></li></ol><p style=""text-align: center; ""><strong>Nutrition Data:</strong></p><p style=""text-align: center; ""><strong>1 serving (406g): </strong>470 calories, 18g fat, 39g carbohydrates, 42g protein</p><p style=""text-align: center; "">Cronometer Recipe Name:<span> Fitomics Peanut Butter Banana Smoothie</span></p><p style=""text-align: center; ""><span>#smoothie #breakfast #snack #recipes #easy</span></p>","SQ5745020","","","","","","","","","","","","","0.00","0.00","No","Unlimited","/drinks-smoothies","recipe","","","","","Yes","https://images.squarespace-cdn.com/content/v1/636146ec2f426a7dc5268652/edc9c456-9bc9-4d3e-a686-6b8e0aceef89/1.jpg"
"673374216c1a1808a50a6007","5392afb2-7cdd-41c4-9140-742ab4b981f6","SERVICE","recipe-store","tropicalparadise","Tropical Paradise Smoothie","<h3 style=""text-align: center; ""><strong>Ingredients:</strong></h3><ul data-rte-list=""true""><li><p style=""text-align: center; ""><span>½ cup frozen mango</span></p></li><li><p style=""text-align: center; ""><span>½ cup frozen pineapple</span></p></li><li><p style=""text-align: center; ""><span>½ banana</span></p></li><li><p style=""text-align: center; ""><span>½ cup non-fat Greek yogurt</span></p></li><li><p style=""text-align: center; ""><span>1 scoop protein powder (Kion protein)</span></p></li><li><p style=""text-align: center; ""><span>½ cup unsweetened coconut milk</span></p></li><li><p style=""text-align: center; ""><span>1 tsp honey or maple syrup (optional, for added sweetness) </span><em><span>(not included in Cronometer calculation)</span></em></p></li></ul><h3 style=""text-align: center; ""><strong>Directions:</strong></h3><ol data-rte-list=""true""><li><p style=""text-align: center; "">Blend together mango, pineapple, banana, Greek yogurt, protein powder, coconut milk, and optional sweetener.</p></li><li><p style=""text-align: center; "">Adjust consistency with more almond milk or add ice if needed.</p></li><li><p style=""text-align: center; "">Pour into glass and enjoy!</p></li></ol><p style=""text-align: center; ""><strong>Nutrition Data:</strong></p><p style=""text-align: center; ""><strong>1 serving (478g): </strong>319 calories, 3g fat, 40g carbohydrates, 34g protein</p><p style=""text-align: center; "">Cronometer Recipe Name:<span> Fitomics Tropical Paradise Smoothie</span></p><p style=""text-align: center; ""><span>#smoothie #breakfast #snack #recipes #easy</span></p>","SQ8416662","","","","","","","","","","","","","0.00","0.00","No","Unlimited","/drinks-smoothies","recipe","","","","","Yes","https://images.squarespace-cdn.com/content/v1/636146ec2f426a7dc5268652/d63687f8-b0ea-4772-97c9-e4ee5c994d85/1.jpg"
"6733751d0e06e441e5090d6b","b0a0dc02-3cb4-479e-934d-a62864ab104a","SERVICE","recipe-store","chocolatebanana","Chocolate Banana Protein Smoothie","<h3 style=""text-align: center; ""><strong>Ingredients:</strong></h3><ul data-rte-list=""true""><li><p style=""text-align: center; ""><span>1 banana</span></p></li><li><p style=""text-align: center; ""><span>1 Tbsp unsweetened cocoa powder</span></p></li><li><p style=""text-align: center; ""><span>½ cup non-fat Greek yogurt</span></p></li><li><p style=""text-align: center; ""><span>1 scoop protein powder (Kion protein)</span></p></li><li><p style=""text-align: center; ""><span>½ cup unsweetened almond milk</span></p></li><li><p style=""text-align: center; ""><span>1 tsp honey or maple syrup (optional, for added sweetness) </span><em><span>(not included in Cronometer calculation)</span></em></p></li></ul><h3 style=""text-align: center; ""><strong>Directions:</strong></h3><ol data-rte-list=""true""><li><p style=""text-align: center; "">Blend together banana, cocoa powder, Greek yogurt, protein powder, almond milk, and optional sweetener.</p></li><li><p style=""text-align: center; "">Adjust consistency with more almond milk or add ice if needed.</p></li><li><p style=""text-align: center; "">Pour into glass and enjoy!</p></li></ol><p style=""text-align: center; ""><strong>Nutrition Data:</strong></p><p style=""text-align: center; ""><strong>1 serving (395g): </strong>298 calories, 3.6g fat, 37g carbohydrates, 35.5g protein</p><p style=""text-align: center; "">Cronometer Recipe Name:<span> Fitomics Chocolate Banana Protein Smoothie</span></p><p style=""text-align: center; ""><span>#smoothie #breakfast #snack #recipes #easy</span></p>","SQ4272128","","","","","","","","","","","","","0.00","0.00","No","Unlimited","/drinks-smoothies","recipe","","","","","Yes","https://images.squarespace-cdn.com/content/v1/636146ec2f426a7dc5268652/3bef6bf0-4a79-4bc1-a290-ce3a8c5258ed/2.jpg"
"67337a6dcca7572d7d86fa94","9db1a0cb-8142-4f04-8413-f539345f1bb6","SERVICE","recipe-store","greek-crockpot-chicken","Greek Crockpot Chicken","<h3 style=""text-align: center; ""><strong>Ingredients:</strong></h3><ul data-rte-list=""true""><li><p style=""text-align: center; ""><span>1 cup Greek yogurt</span></p></li><li><p style=""text-align: center; "">Z<span>est and juice of 1 lemon</span></p></li><li><p style=""text-align: center; ""><span>1 tsp salt</span></p></li><li><p style=""text-align: center; ""><span>1 Tbsp minced garlic</span></p></li><li><p style=""text-align: center; ""><span>Optional: 1 Tbsp dill</span></p></li><li><p style=""text-align: center; "">2 lb boneless skinless chicken breast</p></li></ul><h3 style=""text-align: center; ""><strong>Directions:</strong></h3><ol data-rte-list=""true""><li><p style=""text-align: center; "">Place chicken breasts in the bottom of the crockpot.</p></li><li><p style=""text-align: center; "">Mix the Greek yogurt, lemon zest and juice, salt, garlic, and dill in a bowl.</p></li><li><p style=""text-align: center; ""><span>Pour half of the marinade over the chicken.</span></p></li><li><p style=""text-align: center; ""><span>Cook on high for 4 hours or low for 6-8 hours.</span></p></li><li><p style=""text-align: center; ""><span>Once done, remove chicken and shred with forks.</span></p></li><li><p style=""text-align: center; ""><span>Drain off all but about 1/2 cup of remaining juices and add your chicken back to the pot.</span></p></li><li><p style=""text-align: center; ""><span>Mix in the remaining marinade and you’ve got yourself a delicious protein packed dish for dinner.</span></p></li><li><p style=""text-align: center; ""><span>Serve with rice, pita bread, sliced cucumber, chopped tomato, sliced red onions, and/or fresh parsley.</span></p></li></ol><h3 style=""text-align: center; ""><strong>Nutrition Data:</strong></h3><p style=""text-align: center; ""><strong>Recipe Yield:</strong> 10 servings</p><p style=""text-align: center; ""><strong>1 serving (120g): </strong><span>174 calories, 4g fat, 2g carbohydrates, 31g protein</span></p><p style=""text-align: center; ""><strong>Cronometer Recipe Name:</strong><span> Fitomics Greek Crockpot Chicken</span></p><p style=""text-align: center; ""><span>#dinner #recipes #crockpot #easy</span> #protein #mealprep #easymeals</p><p style=""text-align: center; ""><a href=""https://www.instagram.com/p/C_Ja9ZGP-UN/?hl=en"">Instagram Reel</a></p>","SQ3107086","","","","","","","","","","","","","0.00","0.00","No","Unlimited","/easy-meals, /dinner","recipe","","","","","Yes","https://images.squarespace-cdn.com/content/v1/636146ec2f426a7dc5268652/f621242b-e03c-49a0-a653-dfae288f2c4d/Untitled%2Bdesign.jpg"
"6733804eb7d41c5a31b071b2","7fb5fc49-af63-44d3-8681-95c5b918ff4e","SERVICE","recipe-store","high-protein-spinach-artichoke-dip","High-Protein Spinach Artichoke Dip","<h3 style=""text-align: center; ""><strong>Ingredients:</strong></h3><ul data-rte-list=""true""><li><p style=""text-align: center; ""><span>16oz cottage cheese</span></p></li><li><p style=""text-align: center; ""><span>5.3oz plain fat-free Greek yogurt</span></p></li><li><p style=""text-align: center; ""><span>5oz frozen spinach (thawed &amp; drained well)</span></p></li><li><p style=""text-align: center; ""><span>6oz can artichokes (drained &amp; chopped)</span></p></li><li><p style=""text-align: center; ""><span>½-¾ cup mozzarella cheese</span></p></li><li><p style=""text-align: center; ""><span>¼ cup parmesan cheese</span></p></li><li><p style=""text-align: center; ""><span>1 tsp onion powder</span></p></li><li><p style=""text-align: center; ""><span>1 tsp garlic powder</span></p></li><li><p style=""text-align: center; ""><span>½ tsp pepper</span></p></li></ul><h3 style=""text-align: center; ""><strong>Directions:</strong></h3><ol data-rte-list=""true""><li><p style=""text-align: center; ""><span>Preheat oven to 400°F.</span></p></li><li><p style=""text-align: center; "">Thaw and drain spinach &amp; artichokes thoroughly (squeeze out excess liquid).</p></li><li><p style=""text-align: center; "">Mix all ingredients together in a bowl.</p></li><li><p style=""text-align: center; "">Pour into an 8x8 glass dish (or medium oval pan) and top with extra cheese if desired.</p></li><li><p style=""text-align: center; "">Bake for 25 minutes, then broil for 1-2 minutes to get that perfect golden top.</p></li><li><p style=""text-align: center; "">Serve with chips or veggies of your choice!</p></li></ol><p style=""text-align: center; ""><span>Whether it’s for game day or your next gathering, this dip is a crowd-pleaser that’s as healthy as it is delicious!</span></p><h4 style=""text-align: center; ""><strong>Nutrition Data:</strong></h4><p style=""text-align: center; ""><strong>Recipe Yield: </strong>2 servings</p><p style=""text-align: center; ""><strong>1 serving (207 g): </strong>194 calories, 7 g fat, 35 g carbohydrates, 1 g protein</p><p style=""text-align: center; ""><strong>Cronometer Recipe Name: </strong>Fitomics High-Protein Spinach Artichoke Dip</p><p style=""text-align: center; ""><span>#apps #dip #recipes</span> #easy</p><p style=""text-align: center; ""><a href=""https://www.instagram.com/p/DAtT7TPx6hz/?hl=en"">Instagram Reel</a></p>","SQ2347357","","","","","","","","","","","","","0.00","0.00","No","Unlimited","/apps-sides","recipe","","","","","Yes","https://images.squarespace-cdn.com/content/v1/636146ec2f426a7dc5268652/0a62dee0-8f91-4ecf-8830-a60bdd17ba8f/Screen%2BShot%2B2024-11-12%2Bat%2B11.26.54%2BAM.jpg"
"6733949d36d24c18d25b6f39","ccd38c0d-c0a8-428a-942c-8d9425bdb83b","SERVICE","recipe-store","healthy-chicken-salad","Healthy Chicken Salad","<h3 style=""text-align: center; ""><strong>Ingredients:</strong></h3><ul data-rte-list=""true""><li><p style=""text-align: center; "">1.5 lbs boneless skinless chicken breast</p></li><li><p style=""text-align: center; "">½ cup non-fat plain Greek yogurt</p></li><li><p style=""text-align: center; "">½ cup light mayo</p></li><li><p style=""text-align: center; "">1 cup celery, chopped</p></li><li><p style=""text-align: center; "">1 cup grapes, halved</p></li><li><p style=""text-align: center; "">¼ cup slivered almonds</p></li></ul><h3 style=""text-align: center; ""><strong>Directions:</strong></h3><ol data-rte-list=""true""><li><p style=""text-align: center; "">Cook chicken breast.</p><p style=""text-align: center; ""><strong>If using Instant pot</strong>: Place chicken breast in pot, add 1 cup of water, and any desired seasoning (salt, pepper, garlic powder, onion powder). Set Instant pot to pressure cook high for 10 minutes, release steam after 2-5 minutes. </p></li><li><p style=""text-align: center; "">Shred chicken. Place cooked chicken breasts in a mixer and using the paddle attachment mix until shredded to desired consistency. Or shred manually  with two forks. </p></li><li><p style=""text-align: center; "">Mix the Greek yogurt and mayo </p></li><li><p style=""text-align: center; "">Add in mix-ins: celery, grapes, almonds and mix.</p></li><li><p style=""text-align: center; "">Chill and Enjoy!</p></li></ol><h3 style=""text-align: center; ""><strong>Nutrition Data:</strong></h3><p style=""text-align: center; ""><strong>Recipe Yield:</strong> 10 servings</p><p style=""text-align: center; ""><strong>1 serving (150g): </strong><span>209 calories, 8g fat, 6.5g carbohydrates, 28g protein</span></p><p style=""text-align: center; ""><strong>Cronometer Recipe Name:</strong><span> Fitomics Healthy Chicken Salad</span></p><p style=""text-align: center; ""><span>#dinner #recipes #instantpot #easy</span> #protein #mealprep #easymeals</p><p style=""text-align: center; ""><a href=""https://www.instagram.com/p/CwvK4wzr051/?hl=en"">Instagram Reel</a></p>","SQ6218623","","","","","","","","","","","","","0.00","0.00","No","Unlimited","/easy-meals, /dinner","recipe","","","","","Yes","https://images.squarespace-cdn.com/content/v1/636146ec2f426a7dc5268652/5acadf83-f2db-4b61-a08b-aa5ad60bfc9c/IMG_3771.jpg"
"674129555d5bec25d614fbbf","6d898063-9912-44cf-856e-eacabf394580","SERVICE","recipe-store","buffalo-chicken-meatballs","Buffalo Chicken Meatballs","<h3 style=""text-align: center; ""><strong>Ingredients:</strong></h3><ul data-rte-list=""true""><li><p><span>1 lb ground chicken</span></p></li><li><p><span>2 TBSP chopped parsley</span></p></li><li><p><span>2 TBSP chopped green onion (green portion only)</span></p></li><li><p><span>1 tsp salt</span></p></li><li><p><span>1/2 tsp pepper</span></p></li><li><p><span>1/4 c finely diced celery</span></p></li><li><p><span>1 slice finely crumbled bread or 1/3 c bread crumbs (can opt for gluten free)</span></p></li><li><p><span>1/4 c buffalo sauce</span></p></li><li><p><span>chopped green onion (for garnish)</span><br></p></li></ul><h3 style=""text-align: center; ""><strong>Directions:</strong></h3><ol data-rte-list=""true""><li><p><span>Add ingredients to food processor.</span></p></li><li><p><span>Process on low speed until ingredients are well mixed.</span></p></li><li><p><span>Roll mixture into twelve balls and place on parchment lined pan.</span></p></li><li><p><span>Bake at 400 degrees F for 15-20 minutes.</span></p></li><li><p><span>Flip meatballs halfway through cooking time.</span></p></li><li><p><span>Top with additional buffalo sauce and green onion.</span></p></li></ol><p style=""text-align: center; ""><strong>Nutrition Data:</strong></p><p style=""text-align: center; ""><strong>Recipe Yield: </strong>4 servings</p><p style=""text-align: center; ""><strong>1 serving (135g): </strong>159 calories, 5g fat, 6g carbohydrates, 27g protein</p><p style=""text-align: center; "">Cronometer Recipe Name:<span> Fitomics Buffalo Chicken Meatballs</span></p><p style=""text-align: center; ""><span>#dinner #recipes #easy #protein #lowFODMAP #IBSfriendly</span></p><p style=""text-align: center; ""><a href=""https://www.instagram.com/p/DCfERHrRd25/?hl=en""><span>Instagram Reel</span></a></p>","SQ0181656","","","","","","","","","","","","","0.00","0.00","No","Unlimited","/ibs-friendly, /dinner","recipe","","","","","Yes","https://images.squarespace-cdn.com/content/v1/636146ec2f426a7dc5268652/0aa7717b-fed2-4567-be0b-389019b6dd60/IMG_0365.jpeg"
"67412e020c59f53ba44ad890","58212566-db7c-41a2-9103-3fd5d05f6b67","SERVICE","recipe-store","breakfast-quesadilla","Breakfast Quesadilla","<h3 style=""text-align: center; ""><strong>Ingredients:</strong></h3><ul data-rte-list=""true""><li><p>1 tortilla (can opt for gluten free if needed)</p></li><li><p>2 eggs and 1/4 c egg white</p></li><li><p>Cheese (can opt for dairy free if needed)</p></li><li><p>2 breakfast maple chicken sausage links</p></li><li><p>green onions (garnish)</p></li></ul><h3 style=""text-align: center; ""><strong>Directions:</strong></h3><ol data-rte-list=""true""><li><p><span>Whisk two eggs and 1/4 c egg white in bowl.</span></p></li><li><p><span>Pour whisked eggs into nonstick fry pan on low to medium heat.</span></p></li><li><p><span>Cook eggs frittata style.</span></p></li><li><p><span>While eggs are cooking heat tortilla on separate pan.</span></p></li><li><p><span>Sprinkle cheese across tortilla.</span></p></li><li><p><span>Add frittata on top of cheesy tortilla.</span></p></li><li><p><span>Add an additional layer of cheese on top of frittata.</span></p></li><li><p><span>Place halved sausages on top of egg on one half of tortilla.</span></p></li><li><p><span>Fold tortilla in half to make into quesadilla.</span></p></li><li><p><span>Heat both halves of the quesadilla until light brown. Cut in half and serve.</span></p></li></ol><p style=""text-align: center; ""><strong>Nutrition Data:</strong></p><p style=""text-align: center; ""><strong>Recipe Yield: </strong>1 serving</p><p style=""text-align: center; ""><strong>1 serving (318g): </strong>504 calories, 25g fat, 39g carbohydrates, 33g protein</p><p style=""text-align: center; "">Cronometer Recipe Name:<span> Fitomics Buffalo Chicken Meatballs</span></p><p style=""text-align: center; ""><span>#breakfast #recipes #easy #protein #lowFODMAP #dairyfree #glutenfree</span></p><p style=""text-align: center; ""><a href=""https://www.instagram.com/p/DCPY01wRn4y/?hl=en""><span>Instagram Reel</span></a></p>","SQ5526843","","","","","","","","","","","","","0.00","0.00","No","Unlimited","/ibs-friendly, /dinner","recipe","","","","","Yes","https://images.squarespace-cdn.com/content/v1/636146ec2f426a7dc5268652/7a325aa0-3928-4cf9-9d91-842cb428d0ad/IMG_0132.jpeg"
"6741c94ef50079330b1181a8","a3480c3c-88cb-4d39-ba64-3f3bc3040587","SERVICE","recipe-store","chocolate-chip-pumpkin-bread","Chocolate Chip Pumpkin Bread","<h3 style=""text-align: center; ""><strong>Ingredients:</strong></h3><p><span>Wet Ingredients:</span></p><ul data-rte-list=""true""><li><p><span>1 cup organic pumpkin purée</span></p></li><li><p><span>1/3 cup maple syrup</span></p></li><li><p><span>1/4 cup coconut oil</span></p></li><li><p><span>1 tsp vanilla extract</span></p></li><li><p><span>3 eggs</span></p></li><li><p><span>1/3 cup creamy almond butter (or cashew butter for sweeter taste)</span></p></li></ul><p><span>Dry Ingredients:</span></p><ul data-rte-list=""true""><li><p><span>1 tbsp pumpkin spice</span></p></li><li><p><span>1/4 cup almond flour</span></p></li><li><p><span>3 tbsp oat flour</span></p></li><li><p><span>1 tsp baking soda</span></p></li><li><p><span>1/2 tsp salt</span></p></li><li><p><span>1 scoop unflavored collagen</span></p></li><li><p><span>1/4</span> cup chocolate chips</p></li></ul><h3 style=""text-align: center; ""><strong>Directions:</strong></h3><ol data-rte-list=""true""><li><p><span>Mix wet ingredients.</span></p></li><li><p><span>Mix dry ingredients in separate bowl.</span></p></li><li><p><span>Add dry ingredients into wet ingredients.</span></p></li><li><p><span>Mix thoroughly.</span></p></li><li><p><span>Pour mixture into parchment lined loaf pan.</span></p></li><li><p><span>Sprinkle (or mix in) chocolate chips.</span></p></li><li><p><span>Bake for 35-45 minutes on 350 or until fully cooked.</span></p></li></ol><p style=""text-align: center; ""><strong>Nutrition Data:</strong></p><p style=""text-align: center; ""><strong>Recipe Yield: </strong>10 servings</p><p style=""text-align: center; ""><strong>1 serving (77g): </strong>218 calories, 15g fat, 16g carbohydrates, 7g protein</p><p style=""text-align: center; "">Cronometer Recipe Name:<span> Fitomics Chocolate Chip Pumpkin Bread</span></p><p style=""text-align: center; ""><span>#dessert #recipes #easy #fall #refinedsugarfree #glutenfree</span></p><p style=""text-align: center; ""><a href=""https://www.instagram.com/p/DBHi5wnRSEw/?hl=en""><span>Instagram Reel</span></a></p>","SQ8622734","","","","","","","","","","","","","0.00","0.00","No","Unlimited","/seasonal, /desserts, /snacks","recipe","","","","","Yes","https://images.squarespace-cdn.com/content/v1/636146ec2f426a7dc5268652/f6b2269f-7d12-433a-bcbd-c3d45bf2ed40/IMG_8504.jpeg"
"674231c51435b762a129c1ef","6e2bd9bd-b571-488f-bfb1-5eb4f0319f3a","SERVICE","recipe-store","8-minute-air-fryer-dumplings","8-minute Air fryer Dumplings","<h3 style=""text-align: center; ""><strong>Ingredients:</strong></h3><ul data-rte-list=""true""><li><p><span>1 lb ground chicken (or turkey)</span></p></li><li><p><span>1 egg</span></p></li><li><p><span>1 tsp cayenne</span></p></li><li><p><span>1/4 c coconut amino (or soy sauce)</span></p></li><li><p><span>salt and pepper</span></p></li><li><p><span>2 stalks green onion chopped</span></p></li><li><p><span>12 Rice paper wrappers cut in half</span></p></li></ul><h3 style=""text-align: center; ""><strong>Directions:</strong></h3><ol data-rte-list=""true""><li><p><span> Mix following ingredients in one bowl</span></p></li><li><p><span>Cut rice wrappers into small squares, soak for 15 sec in cold water, and fill each rice wrappers with a spoonful of ground turkey mixture.</span></p></li><li><p><span>Double wrap each dumpling with a second square of rice paper.</span></p></li><li><p><span>Air fry on 390 F for 8 minutes or until fully cooked.</span></p></li><li><p><span>Dunk in your favorite sauce and enjoy!</span></p></li></ol><p style=""text-align: center; ""><strong>Nutrition Data:</strong></p><p style=""text-align: center; ""><strong>Recipe Yield: </strong> 12 dumplings</p><p style=""text-align: center; ""><strong>1 dumpling (66g): </strong> 89 calories, 1g fat, 10g carbohydrates, 9g protein</p><p style=""text-align: center; "">Cronometer Recipe Name:<span> Fitomics 8-minute Air fryer Dumplings</span></p><p style=""text-align: center; ""><span>#dinner #recipes #mealprep #lowfodmap #dairyfree #glutenfree </span></p><p style=""text-align: center; ""><a href=""https://www.instagram.com/p/DBeuCvnxzCD/?hl=en""><span>Instagram Reel</span></a></p>","SQ8441650","","","","","","","","","","","","","0.00","0.00","No","Unlimited","/ibs-friendly, /dinner","recipe","","","","","Yes","https://images.squarespace-cdn.com/content/v1/636146ec2f426a7dc5268652/e8d0189a-322e-4ce9-942d-4e3d5cc02d5b/IMG_8278.jpg"
"674236b503d30c10162652d3","9798dfb7-f3c0-4e4d-add6-68390df1ea97","SERVICE","recipe-store","salted-maple-butter-matcha","Salted Maple Butter Matcha","<h3 style=""text-align: center; ""><strong>Ingredients:</strong></h3><ul data-rte-list=""true""><li><p style=""text-align: center; ""><span>35-40g hot water</span></p></li><li><p style=""text-align: center; ""><span>2 overflowing tsp of matcha</span></p></li><li><p style=""text-align: center; ""><span>1-2 tsp maple butter</span></p></li><li><p style=""text-align: center; ""><span>1 tsp salt</span></p></li><li><p style=""text-align: center; ""><span>1/4 c soy milk</span></p></li><li><p style=""text-align: center; ""><span>1/4 c almond or oat milk</span></p></li></ul><h3 style=""text-align: center; ""><strong>Directions:</strong></h3><ol data-rte-list=""true""><li><p style=""text-align: center; ""><span>Froth or whisk matcha and water.</span></p></li><li><p style=""text-align: center; ""><span>Add maple butter and salt and continue to whisk/froth.</span></p></li><li><p style=""text-align: center; "">P<span>our matcha mixture over ice &amp; 1/4c milk</span></p></li><li><p style=""text-align: center; ""><span>Use remaining milk to collect remaining matcha mixture from mug and pour over ice.</span><br><span>5. Stir &amp; Enjoy</span></p></li></ol><p style=""text-align: center; ""><strong>Nutrition Data:</strong></p><p style=""text-align: center; ""><strong>1 matcha (150g): </strong>91 calories, 2.5g fat, 13g carbohydrates, 5g protein</p><p style=""text-align: center; "">Cronometer Recipe Name:<span> Fitomics Salted Maple Butter Matcha</span></p><p style=""text-align: center; ""><span>#matcha #maplebutter #matcharecipe #recipes #easy</span></p><p style=""text-align: center; ""><a href=""https://www.instagram.com/p/DA1OUIoxzE5/?hl=en""><span>Instragram Reel</span></a></p>","SQ8315884","","","","","","","","","","","","","0.00","0.00","No","Unlimited","/seasonal, /drinks-smoothies, /ibs-friendly","recipe","","","","","Yes","https://images.squarespace-cdn.com/content/v1/636146ec2f426a7dc5268652/7c8c54f1-c048-49fe-98e8-b38115cd258d/IMG_8231.jpg"
"6742389d82f8de7a5175b72e","f9bec9fb-9e82-45ba-9312-009942d68010","SERVICE","recipe-store","harvest-grain-bowl","Harvest Grain Bowl","<h3 style=""text-align: center; ""><strong>Ingredients:</strong></h3><ul data-rte-list=""true""><li><p><span>1 cup Tricolored Quinoa</span></p></li><li><p>2 cups B<span>one broth</span></p></li><li><p>4 C<span>hicken sausage links</span></p></li><li><p>1 cup B<span>roccoli, chopped</span></p></li><li><p>1 large S<span>weet potato</span></p></li><li><p>2 G<span>reen onion stalks, chopped</span></p></li><li><p><span>1/2 oz A</span>lmonds</p></li><li><p>1 TBSP O<span>live oil</span></p></li><li><p>S<span>alt &amp; pepper to taste</span><br></p></li></ul><h3 style=""text-align: center; ""><strong>Directions:</strong></h3><ol data-rte-list=""true""><li><p><span>Cook quinoa according to package instructions. Use bone broth in place of water.</span></p></li><li><p><span>Cut sweet potatoes into cubes and microwave on high for 4 minutes to soften.</span></p></li><li><p><span>Slice chicken sausages into rounds and place on sheet pan with sweet potatoes and broccoli. Toss in oil, salt, and pepper.</span></p></li><li><p><span>Bake chicken sausage, sweet potato, and broccoli at 400 degrees for 20-25 minutes.</span></p></li><li><p><span>While ingredients are cooking, chop green onion into small rounds and crush a handful of almonds.</span></p></li><li><p><span>When finished cooking, scoop quinoa into dish.</span></p></li><li><p><span>Serve chicken sausage, sweet potatoes, and broccoli over quinoa.</span></p></li><li><p><span>Top with chopped green onion and sliced almonds</span></p></li></ol><p style=""text-align: center; ""><strong>Nutrition Data:</strong></p><p style=""text-align: center; ""><strong>Recipe Yield: </strong>4 servings</p><p style=""text-align: center; ""><strong>1 serving (339g): </strong>456 calories, 21g fat, 42g carbohydrates, 27g protein</p><p style=""text-align: center; "">Cronometer Recipe Name:<span> Fitomics Harvest Grain Bowl</span></p><p style=""text-align: center; ""><span>#dinner #lunch #recipes #easy #seasonal #fall</span></p><p style=""text-align: center; ""><a href=""https://www.instagram.com/p/DAq5gRLRmTT/?hl=en""><span>Instagram Reel</span></a></p>","SQ5065032","","","","","","","","","","","","","0.00","0.00","No","Unlimited","/breakfast, /seasonal, /ibs-friendly, /snacks","recipe","","","","","Yes","https://images.squarespace-cdn.com/content/v1/636146ec2f426a7dc5268652/acf4c117-6d24-4da1-b626-051960bc365b/IMG_8115.jpg"
"67425367d9e5a2196bb9ea19","b3ed7578-4ce1-435a-9d2f-039956608f32","SERVICE","recipe-store","3-ingredient-fish-tacos","3 Ingredient Fish Tacos","<h3 style=""text-align: center; ""><strong>Ingredients:</strong></h3><ul data-rte-list=""true""><li><p><span>24oz Tilapia (6oz per serving)</span></p></li><li><p><span>1 bag tri-color cole slaw</span></p></li><li><p><span>12 small tortillas</span></p></li><li><p><span>Optional: squeeze of lime</span></p></li></ul><p><span>For the Seasoning:</span></p><ul data-rte-list=""true""><li><p><span>2 tsp cumin</span></p></li><li><p><span>2 TBSP coconut sugar</span></p></li><li><p><span>1 tsp salt</span></p></li><li><p><span>1 tsp black pepper</span></p></li><li><p><span>1/4 tsp cayenne</span></p></li><li><p><span>1 1/2 tsp paprika</span></p></li><li><p><span>1 tsp oregano</span></p></li></ul><h3 style=""text-align: center; ""><strong>Directions:</strong></h3><ol data-rte-list=""true""><li><p><span>Pan fry tilapia in cooking oil of choice. Chop/separate fish into small pieces as it cooks. Add fish taco seasoning packet or seasoning of choice.</span></p></li><li><p><span>In separate pan, brown cole slaw in cooking oil for 5-10 minutes or until lightly browned.</span></p></li><li><p><span>Heat mini tortillas on additional pan until warm.</span></p></li><li><p><span>Stuff tortillas with fish and cole slaw. Top with lime juice if desired!</span></p></li></ol><p style=""text-align: center; ""><strong>Nutrition Data:</strong></p><p style=""text-align: center; ""><strong>Recipe Yield: </strong>4 servings</p><p style=""text-align: center; ""><strong>1 serving (461g): </strong>350 calories, 5g fat, 45g carbohydrates, 37g protein</p><p style=""text-align: center; "">Cronometer Recipe Name:<span> Fitomics 3 Ingredient Fish Tacos</span></p><p style=""text-align: center; ""><span>#dinner #recipes #easy #tacos #fish #highprotein</span></p><p style=""text-align: center; ""><a href=""https://www.instagram.com/p/C9iLgcVR2FM/?hl=en""><span>Instagram Reel</span></a></p>","SQ2725417","","","","","","","","","","","","","0.00","0.00","No","Unlimited","/easy-meals, /ibs-friendly, /dinner","recipe","","","","","Yes","https://images.squarespace-cdn.com/content/v1/636146ec2f426a7dc5268652/676afbd5-a278-4a2b-a16b-ff88569fee6c/IMG_4516.jpg"
"674322e3f667ab6a16bc3688","34fce1db-14d2-459c-b022-b1a279c18250","SERVICE","recipe-store","jack-o-lantern-stuffed-peppers","Jack-O-Lantern Stuffed Peppers","<h3 style=""text-align: center; ""><strong>Ingredients:</strong></h3><ul data-rte-list=""true""><li><p>4 large bell peppers (any color)</p></li><li><p>1 cup cooked rice (white, brown, or your choice)</p></li><li><p>1 lb ground beef</p></li><li><p>1 medium onion, diced</p></li><li><p>1 small bell pepper (any color), diced</p></li><li><p>2 cloves garlic, minced</p></li><li><p>1 tsp smoked paprika</p></li><li><p>1 tsp dried oregano</p></li><li><p>1/2 tsp chili powder (optional, for a kick)</p></li><li><p>Salt and pepper to taste</p></li><li><p>1 cup shredded cheese (cheddar, mozzarella, or your choice)</p></li><li><p>1 can (14 oz) diced tomatoes (drained)</p></li><li><p>2 tbsp olive oil</p></li></ul><h3 style=""text-align: center; ""><strong>Directions:</strong></h3><ol data-rte-list=""true""><li><p><strong>P</strong>reheat your oven to 375°F (190°C).</p></li><li><p>Cut the tops off the large bell peppers and remove seeds and membranes. Lightly brush the insides with olive oil and set them in a baking dish.</p></li><li><p>Heat 1 tbsp olive oil in a large skillet over medium heat.</p></li><li><p>Add the ground beef, breaking it up with a spoon, and cook until browned (about 5 minutes).</p></li><li><p>Add the onion, diced bell pepper, and garlic, cooking until softened (about 3–4 minutes).</p></li><li><p>Stir in the smoked paprika, oregano, chili powder (if using), salt, and pepper.</p></li><li><p>Stir in the cooked rice and drained diced tomatoes. Mix well and cook for 2–3 minutes to let the flavors meld. Taste and adjust seasonings if necessary.</p></li><li><p>Spoon the beef and rice mixture into each bell pepper, packing it firmly but not overfilling.</p></li><li><p>Top each stuffed pepper with a generous sprinkle of shredded cheese.</p></li><li><p>Cover the baking dish with foil and bake for 25 minutes.</p></li><li><p>Remove the foil and bake for an additional 10 minutes, or until the peppers are tender and the cheese is bubbly and golden.</p></li><li><p>Let the stuffed peppers cool slightly before serving.</p></li></ol><p>Tips:</p><ul data-rte-list=""true""><li><p>For extra flavor, add a splash of Worcestershire sauce or soy sauce to the filling.</p></li><li><p>Swap ground beef for turkey or plant-based crumbles for a variation.</p></li><li><p>Make it saucier by mixing 1/4 cup of tomato sauce into the filling before stuffing.</p></li></ul><p style=""text-align: center; ""><strong>Nutrition Data:</strong></p><p style=""text-align: center; ""><strong>Recipe Yield: </strong>4 servings</p><p style=""text-align: center; ""><strong>1 stuffed pepper (493g): </strong>508 calories, 24g fat, 33g carbohydrates, 39g protein</p><p style=""text-align: center; "">Cronometer Recipe Name:<span> Fitomics Jack-O-Lantern Stuffed Peppers</span></p><p style=""text-align: center; ""><span>#dinner #easy #recipes #stuffedpeppers #seasonal #highprotein #halloween</span></p><p style=""text-align: center; ""><a href=""https://www.instagram.com/p/CyocR_9RgJF/?hl=en""><span>Instagram Reel</span></a></p>","SQ5335521","","","","","","","","","","","","","0.00","0.00","No","Unlimited","/seasonal, /dinner","recipe","","","","","Yes","https://images.squarespace-cdn.com/content/v1/636146ec2f426a7dc5268652/808576d8-716b-4bcb-b007-4f3c1272cac9/IMG_4153.jpg"
"67433a5f0be60558631a3e66","b5801cd6-f432-4bf4-abd3-324c1d5232d0","SERVICE","recipe-store","korean-bbq-rice-bowl","Korean BBQ Rice Bowl","<h3 style=""text-align: center; ""><strong>Ingredients:</strong></h3><ul data-rte-list=""true""><li><p><span>1.5 pounds shaved steak</span></p></li><li><p><span>1 cups brown rice uncooked</span></p></li><li><p><span>1 small egg plant, diced or cut as desired</span></p></li><li><p><span>1 onion, sliced</span></p></li><li><p><span>2 heads of broccoli</span></p></li><li><p><span>1 TBSP Olive oil</span></p></li><li><p><span>2 tsp garlic powder</span></p></li><li><p><span>salt and pepper to taste</span></p></li><li><p><span>1 bunch green onions, chopped (optional topping)</span></p></li><li><p><span>1 avocado, sliced (optional topping)</span></p></li></ul><p><span>Steak Marinade Ingredients:</span></p><ul data-rte-list=""true""><li><p>1/2 coconut aminos</p></li><li><p><span>1 TBSP honey</span></p></li><li><p><span>2 TBSP olive oil</span></p></li></ul><h3 style=""text-align: center; ""><strong>Directions:</strong></h3><ol data-rte-list=""true""><li><p><span>Preheat the oven to 375 degrees.</span></p></li><li><p><span>Cook brown rice as directed on packaging.</span></p></li><li><p><span>Cut eggplant and broccoli as desired and spread on the roasting sheet. Add olive oil, salt, pepper, and garlic power over veggies and toss to combine.</span></p></li><li><p><span>Roast veggies for 30 minutes.</span></p></li><li><p><span>In a small bowl combine coconut aminos, honey, olive oil,</span></p></li><li><p><span>Cut steak to desired sized pieces and place in marinade.</span></p></li><li><p><span>On medium heat, place steak in a pan and cook until done.</span></p></li><li><p><span>Remove steak from pan and add onions to the same heated pan.</span></p></li><li><p><span>Cook onions until soft and caramelized.</span></p></li><li><p><span>Optional: Top bowl with green onions and avocado</span></p></li><li><p><span>For a delicious Korean BBQ bowl place rice on bottom and layer serving of eggplant, broccoli, and onions. Add shredded steak and top with green onions and avocado.</span></p></li></ol><p style=""text-align: center; ""><strong>Nutrition Data:</strong></p><p style=""text-align: center; ""><strong>Recipe Yield: </strong>6 servings</p><p style=""text-align: center; ""><strong>1 serving (317g): </strong>479 calories, 24g fat, 41g carbohydrates, 27g protein</p><p style=""text-align: center; "">Cronometer Recipe Name:<span> Fitomics Korean BBQ Rice Bowl </span></p><p style=""text-align: center; ""><span>#dinner #recipes #KoreanBBQ #ricebowl</span></p>","SQ4531460","","","","","","","","","","","","","0.00","0.00","No","Unlimited","/dinner","recipe","","","","","Yes","https://images.squarespace-cdn.com/content/v1/636146ec2f426a7dc5268652/cdac6284-5f55-4c66-ac0c-c2ca54fd2c24/IMG_0040.JPG"
"674342f2864ce56c1ca56731","3c32eb7f-3658-422d-8579-914d35ece2d7","SERVICE","recipe-store","green-goddess-chicken-wrap","Green Goddess Chicken Wrap","<h3 style=""text-align: center; ""><strong>Ingredients:</strong></h3><ul data-rte-list=""true""><li><p><span>1 tortilla (can opt for gluten free)</span></p></li><li><p><span>1/2 avocado</span></p></li><li><p><span>1/4 cucumber</span></p></li><li><p><span>4 oz chicken</span></p></li><li><p><span>1/2 cup spinach</span></p></li><li><p><span>oregano to taste</span></p></li><li><p><span>salt to taste</span></p></li></ul><h3 style=""text-align: center; ""><strong>Directions:</strong></h3><ol data-rte-list=""true""><li><p><span>Pre-cook chicken</span></p></li><li><p><span>Smash avocado on a tortilla</span></p></li><li><p><span>Sprinkle salt and oregano on smashed avocado</span></p></li><li><p><span>Add 4 ounces to chicken on top of avocado</span></p></li><li><p><span>Add chopped cucumbers and spinach to wrap</span></p></li><li><p><span>Roll tortilla with ingredients inside until a tight wrap</span></p></li><li><p><span>Brown on stovetop for 1 minute on each side</span></p></li></ol><p style=""text-align: center; ""><strong>Nutrition Data:</strong></p><p style=""text-align: center; ""><strong>Recipe Yield: </strong>1 serving</p><p style=""text-align: center; ""><strong>1 wrap (274g): </strong>410 calories, 16g fat, 32g carbohydrates, 41g protein</p><p style=""text-align: center; "">Cronometer Recipe Name:<span> Fitomics Green Goddess Chicken Wrap</span></p><p style=""text-align: center; ""><span>#lunch #recipes #easy #glutenfree #dairyfree #IBSfriendly</span></p><p style=""text-align: center; ""><a href=""https://www.instagram.com/p/C6WblkwLv2d/?hl=en""><span>Instagram Reel</span></a></p>","SQ0774402","","","","","","","","","","","","","0.00","0.00","No","Unlimited","/easy-meals, /ibs-friendly, /dinner","recipe","","","","","Yes","https://images.squarespace-cdn.com/content/v1/636146ec2f426a7dc5268652/4805ee2d-39ea-4404-ae5e-27d51a5c8454/IMG_2155.jpg"
"6743451182f8de7a51a3e090","341508e3-8016-4dbb-81fe-40458cd665d7","SERVICE","recipe-store","coffee-date-smoothie","Coffee Date Smoothie","<h3 style=""text-align: center; ""><strong>Ingredients:</strong></h3><ul data-rte-list=""true""><li><p><span>1 small frozen banana</span></p></li><li><p><span>2 dates</span></p></li><li><p><span>1 scoop of ice cubes</span></p></li><li><p><span>1 cup unsweetened almond milk</span></p></li><li><p><span>1 double espresso shot</span></p></li><li><p><span>1 TBSP date syrup (mixed into espresso shot)</span></p></li><li><p><span>2 spoonfuls of coconut yogurt</span></p></li><li><p><span>1 serving collagen powder</span></p></li><li><p><span>Cinnamon</span></p></li><li><p><span>1 tsp vanilla</span></p></li><li><p><span>Optional: 1 TBSP white miso paste</span></p></li></ul><h3 style=""text-align: center; ""><strong>Directions:</strong></h3><ol data-rte-list=""true""><li><p></p></li></ol><p style=""text-align: center; ""><strong>Nutrition Data:</strong></p><p style=""text-align: center; ""><strong>Recipe Yield: </strong>1 serving</p><p style=""text-align: center; ""><strong>1 smoothie (454g): </strong>370 calories, 4g fat, 60g carbohydrates, 23g protein</p><p style=""text-align: center; "">Cronometer Recipe Name:<span> Fitomics Coffee Date Smoothie </span></p><p style=""text-align: center; ""><span>#smoothie #recipes #espresso #glutenfree #dairyfree</span></p><p style=""text-align: center; ""><a href=""https://www.instagram.com/p/C6M0ZHSRitP/?hl=en""><span>Instagram Reel</span></a></p>","SQ8773723","","","","","","","","","","","","","0.00","0.00","No","Unlimited","/drinks-smoothies","recipe","","","","","Yes","https://images.squarespace-cdn.com/content/v1/636146ec2f426a7dc5268652/a5d7e890-da2d-4fd6-8e38-13b9bb1df9b4/IMG_2325.jpg"
"674346fa8f6d70252188f19b","e5f2ce3d-2641-462f-87e3-e793c7a0351a","SERVICE","recipe-store","chicken-pad-thai","Chicken Pad Thai","<h3 style=""text-align: center; ""><strong>Ingredients:</strong></h3><ul data-rte-list=""true""><li><p><span>olive oil for cooking</span></p></li><li><p><span>12oz chicken breasts (seasoned with S&amp;P)</span></p></li><li><p><span>1 egg</span></p></li><li><p><span>2 cups mixed veggies (I used water chestnuts, bell peppers, and broccoli)</span></p></li><li><p><span>1 cup edamame</span></p></li><li><p><span>4 oz pad Thai noodles</span></p></li><li><p><span>1 avocado (optional topping)</span></p></li></ul><p><span>Sauce:</span></p><ul data-rte-list=""true""><li><p><span>3 TBSP coconut aminos (sub soy sauce &amp; maple syrup)</span></p></li><li><p><span>1 tsp minced ginger</span></p></li><li><p><span>1 TBSP lime juice</span></p></li></ul><h3 style=""text-align: center; ""><strong>Directions:</strong></h3><ol data-rte-list=""true""><li><p><span>Cook chopped chicken in olive oil on low to medium heat in a large pan or wok.</span></p></li><li><p><span>Add egg once chicken is cooked partially through.</span></p></li><li><p><span>Add mixed veggies and put lid on pan.</span></p></li><li><p><span>While vegetables are cooking, add pad Thai noodles to a separate pot of boiling water. </span>Follow instructions on noodle package.</p></li><li><p>When noodles are fully cooked, add to pan and combine.</p></li><li><p>Pour sauce over mixture and toss ingredients to mix.</p></li><li><p>Serve and enjoy!</p></li></ol><p style=""text-align: center; ""><strong>Nutrition Data:</strong></p><p style=""text-align: center; ""><strong>Recipe Yield: 4 </strong>serving</p><p style=""text-align: center; ""><strong>1 serving (274g): </strong>366 calories, 11g fat, 39g carbohydrates, 29g protein</p><p style=""text-align: center; "">Cronometer Recipe Name:<span> Fitomics Chicken Pad Thai</span></p><p style=""text-align: center; ""><span>#dinner #recipes</span></p><p style=""text-align: center; ""><a href=""https://www.instagram.com/p/C5Y1CXDR6Z2/?hl=en""><span>Instagram Reel</span></a></p>","SQ7888228","","","","","","","","","","","","","0.00","0.00","No","Unlimited","/dinner","recipe","","","","","Yes","https://images.squarespace-cdn.com/content/v1/636146ec2f426a7dc5268652/98b43e03-a770-47c3-b47a-42ef97c29e78/IMG_1569_jpg.jpg"
"674347a2585d7048617ae763","010ed34f-bcbe-42dc-b133-dc19f728a1b6","SERVICE","recipe-store","tofu-scramble-wrap","Tofu Scramble Wrap","<h3 style=""text-align: center; ""><strong>Ingredients:</strong></h3><ul data-rte-list=""true""><li><p>4oz tofu</p></li><li><p>1oz dairy free shredded cheese (or sub regular cheese)</p></li><li><p>1 tortilla (gluten free or regular) </p></li><li><p>salt to taste</p></li><li><p>pepper to taste</p></li><li><p>cumin to taste</p></li><li><p>paprika to taste</p></li><li><p>oregano to taste </p></li><li><p>Olive oil </p></li></ul><h3 style=""text-align: center; ""><strong>Directions:</strong></h3><ol data-rte-list=""true""><li><p><span>Crumble tofu into small pieces</span></p></li><li><p><span>Season tofu with salt, pepper, cumin, paprika, and oregano to taste.</span></p></li><li><p><span>Oil pan and cook tofu on stovetop at medium heat or until lightly browned.</span></p></li><li><p><span>Heat tortilla</span></p></li><li><p><span>Add dairy free cheese and tofu to wrap and roll into burrito.</span></p></li><li><p><span>Brown burrito on stovetop until slightly crispy.</span></p></li></ol><p style=""text-align: center; ""><strong>Nutrition Data:</strong></p><p style=""text-align: center; ""><strong>Recipe Yield: 1</strong> serving</p><p style=""text-align: center; ""><strong>1 wrap (191g): </strong>290 calories, 10g fat, 32g carbohydrates, 25g protein</p><p style=""text-align: center; "">Cronometer Recipe Name:<span> Fitomics Tofu Scramble Wrap</span></p><p style=""text-align: center; ""><span>#lunch #recipes #easy #glutenfree #dairyfree #IBSfriendly</span></p><p style=""text-align: center; ""><a href=""https://www.instagram.com/p/C5Gw-v5Rupb/?hl=en""><span>Instagram Reel</span></a></p>","SQ6380316","","","","","","","","","","","","","0.00","0.00","No","Unlimited","/easy-meals, /ibs-friendly, /dinner","recipe","","","","","Yes","https://images.squarespace-cdn.com/content/v1/636146ec2f426a7dc5268652/e756ad3a-018e-4f0f-b9c1-b6ca6b81d4d1/IMG_1300.jpg"
"6743483b8f3d255e88fb8b03","932342d8-57f5-4b92-9983-45ef52cb3472","SERVICE","recipe-store","baked-spaghetti-squash","Baked Spaghetti Squash","<h3 style=""text-align: center; ""><strong>Ingredients:</strong></h3><ul data-rte-list=""true""><li><p><span>1 whole spaghetti squash</span></p></li><li><p><span>1 package chicken sausage</span></p></li><li><p><span>marinara sauce</span></p></li><li><p><span>parmesan cheese</span></p></li></ul><h3 style=""text-align: center; ""><strong>Directions:</strong></h3><ol data-rte-list=""true""><li><p><span>Cut spaghetti squash in half and remove seeds.</span></p></li><li><p><span>Drizzle/spray inside of squash with your choice of oil. Sprinkle with salt and pepper.</span></p></li><li><p><span>Place both spaghetti squash halves face down on a sheet pan and bake for 40-45 minutes at 400 degrees.</span></p></li><li><p><span>Add sliced chicken sausages to oiled pan. Cook on stovetop at medium heat until browned. Add marinara sauce to pan and heat until warm then set to simmer.</span></p></li><li><p><span>Remove squash from oven and let cool.</span></p></li><li><p><span>Using a fork scrap inside of squash until noodle like pieces are formed.</span></p></li><li><p><span>Add sauce and sausage mixture to inside of squash halves.</span></p></li><li><p><span>Top with cheese and enjoy!</span></p></li></ol><p style=""text-align: center; ""><strong>Nutrition Data:</strong></p><p style=""text-align: center; ""><strong>Recipe Yield: 1</strong> serving</p><p style=""text-align: center; ""><strong>1 wrap (g): </strong>calories, g fat, g carbohydrates, g protein</p><p style=""text-align: center; "">Cronometer Recipe Name:<span> Fitomics Baked Spaghetti Squash</span></p><p style=""text-align: center; ""><span>#lunch #recipes #easy #glutenfree #dairyfree #IBSfriendly</span></p><p style=""text-align: center; ""><a href=""https://www.instagram.com/p/C4rTAN-Rv5v/?hl=en""><span>Instagram Reel</span></a></p>","SQ8816804","","","","","","","","","","","","","0.00","0.00","No","Unlimited","/easy-meals, /ibs-friendly, /dinner","recipe","","","","","Yes","https://images.squarespace-cdn.com/content/v1/636146ec2f426a7dc5268652/3f760100-f749-4cb1-93a2-15626427ce48/IMG_0934_jpg.jpg"
